fecha,Q_m3s
2012-01-01,
2012-01-02,
2012-01-03,
2012-01-04,
2012-01-05,
2012-01-06,
2012-01-07,
2012-01-08,
2012-01-09,
2012-01-10,
2012-01-11,
2012-01-12,
2012-01-13,
2012-01-14,
2012-01-15,
2012-01-16,
2012-01-17,
2012-01-18,
2012-01-19,
2012-01-20,
2012-01-21,
2012-01-22,
2012-01-23,
2012-01-24,
2012-01-25,
2012-01-26,
2012-01-27,
2012-01-28,
2012-01-29,
2012-01-30,
2012-01-31,
2012-02-01,
2012-02-02,
2012-02-03,
2012-02-04,
2012-02-05,
2012-02-06,
2012-02-07,
2012-02-08,
2012-02-09,
2012-02-10,
2012-02-11,
2012-02-12,
2012-02-13,
2012-02-14,
2012-02-15,
2012-02-16,
2012-02-17,
2012-02-18,
2012-02-19,
2012-02-20,
2012-02-21,
2012-02-22,
2012-02-23,
2012-02-24,
2012-02-25,
2012-02-26,
2012-02-27,
2012-02-28,
2012-02-29,
2012-03-01,
2012-03-02,
2012-03-03,
2012-03-04,
2012-03-05,
2012-03-06,
2012-03-07,
2012-03-08,
2012-03-09,
2012-03-10,
2012-03-11,
2012-03-12,
2012-03-13,
2012-03-14,
2012-03-15,
2012-03-16,
2012-03-17,
2012-03-18,
2012-03-19,
2012-03-20,
2012-03-21,
2012-03-22,
2012-03-23,
2012-03-24,
2012-03-25,
2012-03-26,
2012-03-27,
2012-03-28,
2012-03-29,
2012-03-30,
2012-03-31,
2012-04-01,
2012-04-02,
2012-04-03,
2012-04-04,
2012-04-05,
2012-04-06,
2012-04-07,
2012-04-08,
2012-04-09,
2012-04-10,
2012-04-11,
2012-04-12,
2012-04-13,
2012-04-14,
2012-04-15,
2012-04-16,
2012-04-17,
2012-04-18,
2012-04-19,
2012-04-20,
2012-04-21,
2012-04-22,
2012-04-23,
2012-04-24,
2012-04-25,
2012-04-26,
2012-04-27,
2012-04-28,
2012-04-29,
2012-04-30,
2012-05-01,
2012-05-02,
2012-05-03,
2012-05-04,
2012-05-05,
2012-05-06,
2012-05-07,
2012-05-08,
2012-05-09,
2012-05-10,
2012-05-11,
2012-05-12,
2012-05-13,
2012-05-14,
2012-05-15,
2012-05-16,
2012-05-17,
2012-05-18,
2012-05-19,
2012-05-20,
2012-05-21,
2012-05-22,
2012-05-23,
2012-05-24,
2012-05-25,
2012-05-26,
2012-05-27,
2012-05-28,
2012-05-29,
2012-05-30,
2012-05-31,
2012-06-01,
2012-06-02,
2012-06-03,
2012-06-04,
2012-06-05,
2012-06-06,
2012-06-07,
2012-06-08,
2012-06-09,
2012-06-10,
2012-06-11,
2012-06-12,
2012-06-13,
2012-06-14,
2012-06-15,
2012-06-16,
2012-06-17,
2012-06-18,
2012-06-19,
2012-06-20,
2012-06-21,
2012-06-22,
2012-06-23,
2012-06-24,
2012-06-25,
2012-06-26,
2012-06-27,
2012-06-28,
2012-06-29,
2012-06-30,
2012-07-01,
2012-07-02,
2012-07-03,
2012-07-04,
2012-07-05,
2012-07-06,
2012-07-07,
2012-07-08,
2012-07-09,
2012-07-10,
2012-07-11,
2012-07-12,
2012-07-13,
2012-07-14,
2012-07-15,
2012-07-16,
2012-07-17,
2012-07-18,
2012-07-19,
2012-07-20,
2012-07-21,
2012-07-22,
2012-07-23,
2012-07-24,
2012-07-25,
2012-07-26,
2012-07-27,
2012-07-28,
2012-07-29,
2012-07-30,
2012-07-31,
2012-08-01,
2012-08-02,
2012-08-03,
2012-08-04,
2012-08-05,
2012-08-06,
2012-08-07,
2012-08-08,
2012-08-09,
2012-08-10,
2012-08-11,
2012-08-12,
2012-08-13,
2012-08-14,
2012-08-15,
2012-08-16,
2012-08-17,
2012-08-18,
2012-08-19,
2012-08-20,
2012-08-21,
2012-08-22,
2012-08-23,
2012-08-24,
2012-08-25,
2012-08-26,
2012-08-27,
2012-08-28,
2012-08-29,
2012-08-30,
2012-08-31,
2012-09-01,
2012-09-02,
2012-09-03,
2012-09-04,
2012-09-05,
2012-09-06,
2012-09-07,
2012-09-08,
2012-09-09,
2012-09-10,
2012-09-11,
2012-09-12,
2012-09-13,
2012-09-14,
2012-09-15,
2012-09-16,0.0034321333333333
2012-09-17,0.0026225694444444
2012-09-18,0.0074787222222222
2012-09-19,0.0233321527777777
2012-09-20,0.0245577361111111
2012-09-21,0.0259568958333333
2012-09-22,0.0256867256944444
2012-09-23,0.0258113020833333
2012-09-24,0.0251896527777777
2012-09-25,0.0251353576388888
2012-09-26,0.0254907972027972
2012-09-27,0.0035613680555555
2012-09-28,0.0033500972222222
2012-09-29,0.0042239895833333
2012-09-30,0.0036769999999999
2012-10-01,0.00273315625
2012-10-02,0.0035216388888888
2012-10-03,0.0057553993055555
2012-10-04,0.0043483611111111
2012-10-05,0.0040027118055555
2012-10-06,0.0032986354166666
2012-10-07,0.0029196354166666
2012-10-08,0.0032900625
2012-10-09,0.00340221875
2012-10-10,0.0029069027777777
2012-10-11,0.0028258993055555
2012-10-12,0.0029850902777777
2012-10-13,0.0029258402777777
2012-10-14,0.0027319097222222
2012-10-15,0.00263178125
2012-10-16,0.002604375
2012-10-17,0.0028434756944444
2012-10-18,0.0047586909722222
2012-10-19,0.0053818819444444
2012-10-20,0.0048535590277777
2012-10-21,0.00466753125
2012-10-22,0.0039677604166666
2012-10-23,0.0035133159722222
2012-10-24,0.0039668819444444
2012-10-25,0.0045000763888888
2012-10-26,0.0038902569444444
2012-10-27,0.0034754652777777
2012-10-28,0.0032750798611111
2012-10-29,0.0031457465277777
2012-10-30,0.0031395972222222
2012-10-31,0.0029661354166666
2012-11-01,0.0047223645833333
2012-11-02,0.0119554791666666
2012-11-03,0.0086740729166666
2012-11-04,0.0135403958333333
2012-11-05,0.0264777222222222
2012-11-06,0.0341199201388888
2012-11-07,0.04282171875
2012-11-08,0.0580601805555555
2012-11-09,0.0604676909722222
2012-11-10,0.0441443055555555
2012-11-11,0.0370559513888888
2012-11-12,0.0259870104166666
2012-11-13,0.0209701805555555
2012-11-14,0.0295341770833333
2012-11-15,0.0407578194444444
2012-11-16,0.0708272708333333
2012-11-17,0.0611042361111111
2012-11-18,0.0462947361111111
2012-11-19,0.0542288153310104
2012-11-20,0.045962875
2012-11-21,0.0377597465277777
2012-11-22,0.0295391180555555
2012-11-23,0.0216951978798586
2012-11-24,0.0285145664335664
2012-11-25,0.0340557847222222
2012-11-26,0.0302372569444444
2012-11-27,0.0242470243055555
2012-11-28,0.0448448732394366
2012-11-29,0.05490490625
2012-11-30,0.0466139027777777
2012-12-01,0.0381531597222222
2012-12-02,0.0354375138888888
2012-12-03,0.0386705868055555
2012-12-04,0.049478875
2012-12-05,0.0591331319444444
2012-12-06,0.0463538541666666
2012-12-07,0.0373903784722222
2012-12-08,0.0317025381944444
2012-12-09,0.0263914583333333
2012-12-10,0.0214663784722222
2012-12-11,0.0364079858156028
2012-12-12,0.03083121875
2012-12-13,0.0284813888888888
2012-12-14,0.0234311111111111
2012-12-15,0.0194858229166666
2012-12-16,0.0161890729166666
2012-12-17,0.0149650520833333
2012-12-18,0.0184761909722222
2012-12-19,0.0427258947368421
2012-12-20,0.0663124634146341
2012-12-21,0.0720463636363636
2012-12-22,0.08082778125
2012-12-23,0.0819958758865248
2012-12-24,0.07847371875
2012-12-25,0.0795041163636363
2012-12-26,0.0957650939849624
2012-12-27,0.1056307708333333
2012-12-28,0.0977267351916376
2012-12-29,0.1122460416666666
2012-12-30,0.1137794014336917
2012-12-31,0.1071753090277777
2013-01-01,0.0874740226051736
2013-01-02,0.0763591670605902
2013-01-03,0.06223437245625
2013-01-04,0.0482493047434375
2013-01-05,0.0514190714538194
2013-01-06,0.0535152234732638
2013-01-07,0.0444343677390972
2013-01-08,0.0390781066595833
2013-01-09,0.0292055417378819
2013-01-10,0.0272004267573611
2013-01-11,0.0267788707674305
2013-01-12,0.0256061707958333
2013-01-13,0.0240014661910416
2013-01-14,0.0261736276434375
2013-01-15,0.0212883992362152
2013-01-16,0.019837316726493
2013-01-17,0.028964115900209
2013-01-18,0.0275904032608333
2013-01-19,0.0236636230225347
2013-01-20,0.0211239288080902
2013-01-21,0.0263340393335416
2013-01-22,0.0428022135372822
2013-01-23,0.066274916167743
2013-01-24,0.067430571974375
2013-01-25,0.0606112198192708
2013-01-26,0.0538580494467361
2013-01-27,0.0452625960120486
2013-01-28,0.0383941736775
2013-01-29,0.0308501324032291
2013-01-30,0.0322051682456293
2013-01-31,0.0515787074671328
2013-02-01,0.040428972974375
2013-02-02,0.0328289048994097
2013-02-03,0.029515467283993
2013-02-04,0.0336958648235763
2013-02-05,0.0374856787213194
2013-02-06,0.0422850708025694
2013-02-07,0.061859635224421
2013-02-08,0.0666770148753819
2013-02-09,0.0792077274052296
2013-02-10,0.1192614156582456
2013-02-11,0.1390360657293893
2013-02-12,0.13076575645625
2013-02-13,0.0986402060155555
2013-02-14,0.1028663214891258
2013-02-15,0.0956103700507986
2013-02-16,0.0867355769964111
2013-02-17,0.0776277524816666
2013-02-18,0.0692630862407291
2013-02-19,0.0680478036352777
2013-02-20,0.0596918165279861
2013-02-21,0.0508942644665277
2013-02-22,0.0592203818568055
2013-02-23,0.0560492361975694
2013-02-24,0.0509392093962152
2013-02-25,0.0435734845048611
2013-02-26,0.0479137800147222
2013-02-27,0.0598765644247183
2013-02-28,0.05719707831
2013-03-01,0.071342283110458
2013-03-02,0.0941506718315035
2013-03-03,0.0949406820768055
2013-03-04,0.0952854046281597
2013-03-05,0.1042816378761423
2013-03-06,0.1135568143837247
2013-03-07,0.1275096239854545
2013-03-08,0.1240020275795139
2013-03-09,0.1092523711834722
2013-03-10,0.1018228671051041
2013-03-11,0.0995835987402777
2013-03-12,0.0987482440523776
2013-03-13,0.10774267112
2013-03-14,0.1197643947247104
2013-03-15,0.1179522342270833
2013-03-16,0.1284324533097222
2013-03-17,0.1395814753660377
2013-03-18,0.1346277100142361
2013-03-19,0.1327811166646154
2013-03-20,0.1263114117548611
2013-03-21,0.1079222685402777
2013-03-22,0.1038501546853472
2013-03-23,0.1190479892380075
2013-03-24,0.1590209366728873
2013-03-25,0.1358045285445993
2013-03-26,0.1186051150124999
2013-03-27,0.1184995156193662
2013-03-28,0.1123733914229166
2013-03-29,0.1050701298703819
2013-03-30,0.0996820230317361
2013-03-31,0.0917962172243402
2013-04-01,0.08683449515875
2013-04-02,0.0812693292126041
2013-04-03,0.0760582061146527
2013-04-04,0.0871267108305923
2013-04-05,0.0829768962644444
2013-04-06,0.077975256647743
2013-04-07,0.0777459503957986
2013-04-08,0.0901413357148461
2013-04-09,0.1031405070000357
2013-04-10,0.1069254990787681
2013-04-11,0.1188805409685344
2013-04-12,0.1118029530611111
2013-04-13,0.0900512538794097
2013-04-14,0.0834321709273741
2013-04-15,0.0904217363305208
2013-04-16,0.0909789472909375
2013-04-17,0.0918565818161458
2013-04-18,0.0842021110690625
2013-04-19,0.0781558774929166
2013-04-20,0.0708337263446875
2013-04-21,0.0637929451538194
2013-04-22,0.0582286250329513
2013-04-23,0.057216407285
2013-04-24,0.0548227081272222
2013-04-25,0.0495551139955902
2013-04-26,0.045984812807743
2013-04-27,0.0427371462448263
2013-04-28,0.0412291049928819
2013-04-29,0.0392380731667361
2013-04-30,0.0375683707988888
2013-05-01,0.0378734804766666
2013-05-02,0.0392375385762152
2013-05-03,0.038412233317743
2013-05-04,0.0412077711011458
2013-05-05,0.038764622294618
2013-05-06,0.0382561371588541
2013-05-07,0.0367678838191666
2013-05-08,0.0353064461476736
2013-05-09,0.0338321071962152
2013-05-10,0.0332783956067361
2013-05-11,0.0329675272847222
2013-05-12,0.0333135094256944
2013-05-13,0.032280307975
2013-05-14,0.0316964561192013
2013-05-15,0.0348965349649652
2013-05-16,0.0343560037267013
2013-05-17,0.0315697863840277
2013-05-18,0.0318053910722222
2013-05-19,0.0332995253566666
2013-05-20,0.0217974326498257
2013-05-21,0.0161440353413461
2013-05-22,
2013-05-23,
2013-05-24,
2013-05-25,
2013-05-26,
2013-05-27,
2013-05-28,
2013-05-29,
2013-05-30,
2013-05-31,
2013-06-01,
2013-06-02,
2013-06-03,
2013-06-04,
2013-06-05,
2013-06-06,
2013-06-07,0.0070662444332396
2013-06-08,0.006863378095684
2013-06-09,0.0064438788788368
2013-06-10,0.0062150895534513
2013-06-11,0.0059520174631111
2013-06-12,0.0059335494618402
2013-06-13,0.0058518243713229
2013-06-14,0.0058473572741875
2013-06-15,0.0060248468384687
2013-06-16,0.0058570810271944
2013-06-17,0.0054483979788645
2013-06-18,0.0052110765241006
2013-06-19,0.0050624487328229
2013-06-20,0.0049356765724166
2013-06-21,0.0048345282546631
2013-06-22,0.0046213141012881
2013-06-23,0.0043832225975381
2013-06-24,0.004176527185493
2013-06-25,0.0041069083854722
2013-06-26,0.0041455632490763
2013-06-27,0.0041288771347395
2013-06-28,0.004015222637375
2013-06-29,0.0038353321740486
2013-06-30,0.0040200449430868
2013-07-01,0.0040399111076875
2013-07-02,0.0042843393635173
2013-07-03,0.0042541287775312
2013-07-04,0.0040598274972534
2013-07-05,0.0038647220201354
2013-07-06,0.0037631294673854
2013-07-07,0.0036635559130937
2013-07-08,0.0036960081138437
2013-07-09,0.0035697298652361
2013-07-10,0.0034101286589236
2013-07-11,0.0033815589358958
2013-07-12,0.0033814771696527
2013-07-13,0.003188994764184
2013-07-14,0.0031950946225
2013-07-15,0.0031010895022013
2013-07-16,0.0162288018567377
2013-07-17,0.0201870963680592
2013-07-18,0.0028431848532083
2013-07-19,0.0028676176793333
2013-07-20,0.0029171740385486
2013-07-21,0.002917993405368
2013-07-22,0.0028265574468472
2013-07-23,0.0027916827602701
2013-07-24,0.0026716306678159
2013-07-25,0.0026419357869062
2013-07-26,0.0025517302980347
2013-07-27,0.0025291200694374
2013-07-28,0.0025367262772986
2013-07-29,0.0024589608451145
2013-07-30,0.0025093880420486
2013-07-31,0.002508913692
2013-08-01,0.002560239904118
2013-08-02,0.0025413536745
2013-08-03,0.0024674643590624
2013-08-04,0.0024728214341493
2013-08-05,0.0023960621236006
2013-08-06,0.0023419989398611
2013-08-07,0.0023095145446527
2013-08-08,0.0024242181644097
2013-08-09,0.0023672304309826
2013-08-10,0.0023322621058611
2013-08-11,0.0023490564400347
2013-08-12,0.0024202203616284
2013-08-13,0.0023042744793402
2013-08-14,0.0022100388892604
2013-08-15,0.0022715614822604
2013-08-16,0.0023443410642118
2013-08-17,0.0022004993833159
2013-08-18,0.0020487871087604
2013-08-19,0.00211470307625
2013-08-20,0.0020642992365243
2013-08-21,0.0020304943448055
2013-08-22,0.0019880018993125
2013-08-23,0.0020530982147465
2013-08-24,0.0020627081225868
2013-08-25,0.002058332817052
2013-08-26,0.002317097226243
2013-08-27,0.0044628908661573
2013-08-28,0.0057558702131909
2013-08-29,0.0052971628318951
2013-08-30,0.0045709767909965
2013-08-31,0.0043847554894965
2013-09-01,0.0043905968779097
2013-09-02,0.0043794135737465
2013-09-03,0.0041430495395798
2013-09-04,0.0040383245865555
2013-09-05,0.0040078290551006
2013-09-06,0.0038542638121493
2013-09-07,0.0038618075401354
2013-09-08,0.0037554070389062
2013-09-09,0.0037048285937291
2013-09-10,0.0037454604957256
2013-09-11,0.0037803977503541
2013-09-12,0.0037790669037118
2013-09-13,0.0039721836579756
2013-09-14,0.0039290276797326
2013-09-15,0.0039078798654999
2013-09-16,0.004380117735309
2013-09-17,0.004086825732809
2013-09-18,0.0039172086657395
2013-09-19,0.0039597357123368
2013-09-20,0.0039114569382569
2013-09-21,0.0037890571632222
2013-09-22,0.0036793738896875
2013-09-23,0.0036203064074201
2013-09-24,0.0035974523129791
2013-09-25,0.0037818118620138
2013-09-26,0.0041548464291423
2013-09-27,0.0039664460073784
2013-09-28,0.0039448677789687
2013-09-29,0.0036722226745243
2013-09-30,0.0037219544074409
2013-10-01,0.0033846546651637
2013-10-02,0.0031257545437847
2013-10-03,0.003064278966
2013-10-04,0.0031916296070347
2013-10-05,0.0028282980074479
2013-10-06,0.0032023404498784
2013-10-07,0.0034922885364409
2013-10-08,0.0028226496671145
2013-10-09,0.0031056690110034
2013-10-10,0.003517340599434
2013-10-11,0.0031020346145659
2013-10-12,0.0031774301834791
2013-10-13,0.0110688854430314
2013-10-14,0.0089658857860347
2013-10-15,0.015089959451059
2013-10-16,0.0160205625685416
2013-10-17,0.0189190699652083
2013-10-18,0.01347111838
2013-10-19,0.0103071900613229
2013-10-20,0.0083834628395416
2013-10-21,0.0066561914758263
2013-10-22,0.0056400085882881
2013-10-23,0.005000727239309
2013-10-24,0.0048535123144027
2013-10-25,0.0056256194429027
2013-10-26,0.0052556765509027
2013-10-27,0.0059147777737673
2013-10-28,0.0183378519766725
2013-10-29,0.0234396489360069
2013-10-30,0.0217598538447916
2013-10-31,0.0220642209693055
2013-11-01,0.0204758139308333
2013-11-02,0.0307824039295087
2013-11-03,0.0605277610170034
2013-11-04,0.0850710590834146
2013-11-05,0.0686505128345486
2013-11-06,0.0531986868404861
2013-11-07,0.0405641560940277
2013-11-08,0.0315372912337152
2013-11-09,0.0251841721854513
2013-11-10,0.0214108882874652
2013-11-11,0.0176815646516666
2013-11-12,0.0159967107252083
2013-11-13,0.0136014538692013
2013-11-14,0.0109543303949163
2013-11-15,0.0084806972190451
2013-11-16,0.007164444235184
2013-11-17,0.0075157671115555
2013-11-18,0.0088920999833125
2013-11-19,0.0093570779382291
2013-11-20,0.0118834201388611
2013-11-21,0.0215592723348958
2013-11-22,0.0347475747082291
2013-11-23,0.0324439106819444
2013-11-24,0.024432708359618
2013-11-25,0.024434813109618
2013-11-26,0.0227398902191666
2013-11-27,0.0178304165267013
2013-11-28,0.0166516577769444
2013-11-29,0.0146825631119097
2013-11-30,0.0131848058956597
2013-12-01,0.0129728714571875
2013-12-02,0.0168536618701736
2013-12-03,0.0394429976122569
2013-12-04,0.0577442120003484
2013-12-05,0.1110899374245907
2013-12-06,0.1013757875325614
2013-12-07,0.0882264795483333
2013-12-08,0.0821951497096527
2013-12-09,0.081481077795625
2013-12-10,0.0795575487843055
2013-12-11,0.0768817284670034
2013-12-12,0.0846413496112982
2013-12-13,0.0884620520496515
2013-12-14,0.0936421028129166
2013-12-15,0.1008094432296874
2013-12-16,0.10288571112369
2013-12-17,0.1003498901782986
2013-12-18,0.084831034981493
2013-12-19,0.074747385952118
2013-12-20,0.065025308117118
2013-12-21,0.0526679370907638
2013-12-22,0.0435376665088194
2013-12-23,0.0388127107992013
2013-12-24,0.0355325986853819
2013-12-25,0.0329590955082986
2013-12-26,0.0312047886719444
2013-12-27,0.0295121911686805
2013-12-28,0.0280470055449999
2013-12-29,0.0272541760092361
2013-12-30,0.0268102352680902
2013-12-31,0.0350443908036458
2014-01-01,0.0310246614680208
2014-01-02,0.034985674626202
2014-01-03,0.0322043389300347
2014-01-04,0.0310468503449652
2014-01-05,0.0367450019398263
2014-01-06,0.0380435934646875
2014-01-07,0.041106625279375
2014-01-08,0.0703728900687762
2014-01-09,0.0715671748251736
2014-01-10,0.0832259972847735
2014-01-11,0.1102348430123616
2014-01-12,0.0932353459962847
2014-01-13,0.0800642859807291
2014-01-14,0.0715423363763541
2014-01-15,0.0659982355545138
2014-01-16,0.0699256833180902
2014-01-17,0.069827003118421
2014-01-18,0.0645140437779861
2014-01-19,0.0537366005890625
2014-01-20,0.0523282281096875
2014-01-21,0.0648547539128472
2014-01-22,0.0763132336482291
2014-01-23,0.0842205663540143
2014-01-24,0.0840817593195833
2014-01-25,0.0766640251125694
2014-01-26,0.0672404473065972
2014-01-27,0.0539324259761805
2014-01-28,0.0440025063607638
2014-01-29,0.0360831890876041
2014-01-30,0.0318094099761458
2014-01-31,0.0331079372089236
2014-02-01,0.0318961175134722
2014-02-02,0.0503925279674725
2014-02-03,0.0854049083317132
2014-02-04,0.074820097823125
2014-02-05,0.0662396374772916
2014-02-06,0.0825376877842857
2014-02-07,0.0864378491740625
2014-02-08,0.0783344588160764
2014-02-09,0.0756385840291319
2014-02-10,0.0784669081888541
2014-02-11,0.0850904541424291
2014-02-12,0.1129230058097153
2014-02-13,0.1328510879489285
2014-02-14,0.1100983286020557
2014-02-15,0.0959801734868749
2014-02-16,0.0903974109604529
2014-02-17,0.0875041388946875
2014-02-18,0.0997280481105923
2014-02-19,0.0987172319466666
2014-02-20,0.0947459419616319
2014-02-21,0.093120615345243
2014-02-22,0.0951193724511498
2014-02-23,0.097762882487355
2014-02-24,0.1230921128167041
2014-02-25,0.1373042286634146
2014-02-26,0.1148499815902777
2014-02-27,0.1011663128082986
2014-02-28,0.0921479039975958
2014-03-01,0.0930703987974295
2014-03-02,0.0920499941038888
2014-03-03,0.1098329395695588
2014-03-04,0.1237360658915789
2014-03-05,0.1153180958638888
2014-03-06,0.1125101292157638
2014-03-07,0.1169949572923076
2014-03-08,0.1200411053729166
2014-03-09,0.1180765093299651
2014-03-10,0.1273471529322344
2014-03-11,0.1346429527
2014-03-12,0.1158849402620209
2014-03-13,0.1167043306707639
2014-03-14,0.1251086352521428
2014-03-15,0.1241267668555555
2014-03-16,0.122140215609375
2014-03-17,0.1172823514212543
2014-03-18,0.1152979502913194
2014-03-19,0.1186024042252747
2014-03-20,0.1210623638115789
2014-03-21,0.1105837759135416
2014-03-22,0.1096849353402777
2014-03-23,0.0997698887061111
2014-03-24,0.0974026275525
2014-03-25,0.0942347839755555
2014-03-26,0.0965620154602826
2014-03-27,0.105226309371493
2014-03-28,0.1034031868583333
2014-03-29,0.0948267478823611
2014-03-30,0.0918983930854007
2014-03-31,0.0820360235012847
2014-04-01,0.072118118186493
2014-04-02,0.0661918674051041
2014-04-03,0.0665556537907638
2014-04-04,0.0622463173776388
2014-04-05,0.0562077999948611
2014-04-06,0.0515165213557291
2014-04-07,0.0505521666644791
2014-04-08,0.0483448198942708
2014-04-09,0.0537028537968055
2014-04-10,0.0501327835244791
2014-04-11,0.0465291087361111
2014-04-12,0.0448126697319097
2014-04-13,0.043518311973993
2014-04-14,0.0411412586318402
2014-04-15,0.0393851872729861
2014-04-16,0.0374002037749652
2014-04-17,0.0362346438362847
2014-04-18,0.0448205202229861
2014-04-19,0.0529719738876041
2014-04-20,0.0432398253780902
2014-04-21,0.041696782249375
2014-04-22,0.0478741422264111
2014-04-23,0.0574381491333449
2014-04-24,0.0582295658723693
2014-04-25,0.0490642296261271
2014-04-26,
2014-04-27,
2014-04-28,
2014-04-29,
2014-04-30,
2014-05-01,
2014-05-02,
2014-05-03,
2014-05-04,
2014-05-05,
2014-05-06,
2014-05-07,
2014-05-08,
2014-05-09,
2014-05-10,
2014-05-11,
2014-05-12,
2014-05-13,
2014-05-14,
2014-05-15,
2014-05-16,
2014-05-17,
2014-05-18,
2014-05-19,
2014-05-20,
2014-05-21,
2014-05-22,
2014-05-23,
2014-05-24,
2014-05-25,
2014-05-26,
2014-05-27,
2014-05-28,
2014-05-29,
2014-05-30,
2014-05-31,
2014-06-01,
2014-06-02,
2014-06-03,
2014-06-04,
2014-06-05,
2014-06-06,
2014-06-07,
2014-06-08,
2014-06-09,
2014-06-10,
2014-06-11,
2014-06-12,
2014-06-13,
2014-06-14,
2014-06-15,
2014-06-16,
2014-06-17,
2014-06-18,
2014-06-19,
2014-06-20,0.0083219770231121
2014-06-21,0.0088060658097638
2014-06-22,0.0089035516187569
2014-06-23,0.0087279687823576
2014-06-24,0.0086750569316527
2014-06-25,0.0089252573080312
2014-06-26,0.0101083976863854
2014-06-27,0.0097338574524409
2014-06-28,0.008972593975868
2014-06-29,0.008740374080677
2014-06-30,0.0083779996100486
2014-07-01,0.0095575646983055
2014-07-02,0.0095466874295069
2014-07-03,0.0090027212707048
2014-07-04,0.0087208780673229
2014-07-05,0.0087988193976493
2014-07-06,0.0085622365538819
2014-07-07,0.0084820308864409
2014-07-08,0.0083109922313611
2014-07-09,0.0079840895889409
2014-07-10,0.0077029399572013
2014-07-11,0.0075591254168923
2014-07-12,0.007349281962427
2014-07-13,0.0071760442361284
2014-07-14,0.006939570253309
2014-07-15,0.0070353083852777
2014-07-16,0.0069297854954618
2014-07-17,0.0070495006234965
2014-07-18,0.0070585178489791
2014-07-19,0.006980130750059
2014-07-20,0.0074201052907361
2014-07-21,0.0071697086147534
2014-07-22,0.0066522036404791
2014-07-23,0.0063578102988437
2014-07-24,0.0063605382348784
2014-07-25,0.0062641467958402
2014-07-26,0.0062503604063159
2014-07-27,0.0061896782388368
2014-07-28,0.0070221796360833
2014-07-29,0.0059702249157395
2014-07-30,0.0058417393891111
2014-07-31,0.0056874722035381
2014-08-01,0.0053957158953437
2014-08-02,0.0052891571690277
2014-08-03,0.0049881520157638
2014-08-04,0.0048334556872118
2014-08-05,0.0049154524981701
2014-08-06,0.005158397340868
2014-08-07,0.0050466706846562
2014-08-08,0.0049335912949062
2014-08-09,0.0050509158584722
2014-08-10,0.0048400198327916
2014-08-11,0.0045862614130798
2014-08-12,0.0043736819045763
2014-08-13,0.0043349382496284
2014-08-14,0.0042693515782361
2014-08-15,0.0042499902803125
2014-08-16,0.004023694471559
2014-08-17,0.0039448322694062
2014-08-18,0.0039954664888715
2014-08-19,0.0039241073324999
2014-08-20,0.0038687985399756
2014-08-21,0.0038789068447465
2014-08-22,0.0038763079625868
2014-08-23,0.0037966682436701
2014-08-24,0.0038084898469479
2014-08-25,0.0038398923685972
2014-08-26,0.0037935538415902
2014-08-27,0.0037681966373298
2014-08-28,0.0037976429386562
2014-08-29,0.0037925277808194
2014-08-30,0.003779655426618
2014-08-31,0.0036365696179722
2014-09-01,0.0035112707045173
2014-09-02,0.0034336471498541
2014-09-03,0.0034092146653784
2014-09-04,0.0034592393315451
2014-09-05,0.0037559869344035
2014-09-06,0.0043992137617395
2014-09-07,0.0041560863127222
2014-09-08,0.0041590580829618
2014-09-09,0.0042464201451284
2014-09-10,0.0044517810226215
2014-09-11,0.0044177361364062
2014-09-12,0.0051142621265347
2014-09-13,0.004748247073493
2014-09-14,0.0045942998370243
2014-09-15,0.0065032842244131
2014-09-16,0.0084779143445138
2014-09-17,0.0069420505209062
2014-09-18,0.0055550216943368
2014-09-19,0.0054459090620659
2014-09-20,0.0051165479188229
2014-09-21,0.0050426537528437
2014-09-22,0.0049593925462743
2014-09-23,0.0049915062017291
2014-09-24,0.0049324996285243
2014-09-25,0.0054728510938958
2014-09-26,0.0054404114443854
2014-09-27,0.0049975972321041
2014-09-28,0.0051100393975451
2014-09-29,0.0198171520918954
2014-09-30,0.0374402904712
2014-10-01,0.0128569433601909
2014-10-02,0.0082205706559722
2014-10-03,0.0066539960879965
2014-10-04,0.0060783617778715
2014-10-05,0.0057372532806458
2014-10-06,0.0053848914297847
2014-10-07,0.0053637260152812
2014-10-08,0.0073905584849097
2014-10-09,0.0076233211870625
2014-10-10,0.0065791745599756
2014-10-11,0.0061471967287951
2014-10-12,0.0056884694672569
2014-10-13,0.0056782545260416
2014-10-14,0.0052734721638125
2014-10-15,0.0049549127282326
2014-10-16,0.0047372133202326
2014-10-17,0.0046426774790868
2014-10-18,0.0047259196763611
2014-10-19,0.0045042882338125
2014-10-20,0.0052164240723506
2014-10-21,0.0118615668892049
2014-10-22,0.0083289304010069
2014-10-23,0.0071462449525173
2014-10-24,0.0094665002960104
2014-10-25,0.0136379858078819
2014-10-26,0.0119113312921701
2014-10-27,0.0092308014159756
2014-10-28,0.0083563257443298
2014-10-29,0.011748385857375
2014-10-30,0.0122713592049305
2014-10-31,0.0101643884320277
2014-11-01,0.0083375569557118
2014-11-02,0.0073260575343472
2014-11-03,0.0070679398084548
2014-11-04,0.0066736965165381
2014-11-05,0.0062780704364583
2014-11-06,0.0059449040896736
2014-11-07,0.0107637568944201
2014-11-08,0.0129184441235416
2014-11-09,0.0103243906786145
2014-11-10,0.0169064975375416
2014-11-11,0.0297023315566319
2014-11-12,0.0289152063703819
2014-11-13,0.0632933251707746
2014-11-14,0.0634553820170139
2014-11-15,0.0501633923544097
2014-11-16,0.076650802416923
2014-11-17,0.0837324687248263
2014-11-18,0.0657271394690972
2014-11-19,0.0462185305573263
2014-11-20,0.0333266246485416
2014-11-21,0.0247463644259027
2014-11-22,0.0197549636645486
2014-11-23,0.0166430165187152
2014-11-24,0.0137298650362847
2014-11-25,0.0113490829390381
2014-11-26,0.0099596239702569
2014-11-27,0.0088855959396051
2014-11-28,
2014-11-29,
2014-11-30,
2014-12-01,
2014-12-02,
2014-12-03,
2014-12-04,
2014-12-05,
2014-12-06,
2014-12-07,
2014-12-08,
2014-12-09,
2014-12-10,
2014-12-11,
2014-12-12,
2014-12-13,
2014-12-14,
2014-12-15,
2014-12-16,
2014-12-17,
2014-12-18,
2014-12-19,
2014-12-20,
2014-12-21,
2014-12-22,
2014-12-23,
2014-12-24,
2014-12-25,
2014-12-26,
2014-12-27,
2014-12-28,
2014-12-29,
2014-12-30,
2014-12-31,
2015-01-01,
2015-01-02,
2015-01-03,
2015-01-04,
2015-01-05,
2015-01-06,
2015-01-07,
2015-01-08,
2015-01-09,
2015-01-10,
2015-01-11,
2015-01-12,
2015-01-13,
2015-01-14,
2015-01-15,
2015-01-16,
2015-01-17,
2015-01-18,
2015-01-19,
2015-01-20,
2015-01-21,
2015-01-22,
2015-01-23,
2015-01-24,
2015-01-25,
2015-01-26,
2015-01-27,
2015-01-28,
2015-01-29,
2015-01-30,
2015-01-31,
2015-02-01,
2015-02-02,
2015-02-03,
2015-02-04,
2015-02-05,
2015-02-06,
2015-02-07,
2015-02-08,
2015-02-09,
2015-02-10,
2015-02-11,
2015-02-12,
2015-02-13,
2015-02-14,
2015-02-15,
2015-02-16,
2015-02-17,
2015-02-18,0.0429667047619047
2015-02-19,0.0401196041666666
2015-02-20,0.0350622916666666
2015-02-21,0.0313770625
2015-02-22,0.0436296608391608
2015-02-23,0.0390756944444444
2015-02-24,0.0361726701388888
2015-02-25,0.0322339965277777
2015-02-26,0.0286861944444444
2015-02-27,0.0284203541666666
2015-02-28,0.0268507708333333
2015-03-01,0.0533559084507042
2015-03-02,0.0796872186379928
2015-03-03,0.0980585894736842
2015-03-04,0.1092668787878787
2015-03-05,0.1173134545454545
2015-03-06,0.1178366478873239
2015-03-07,0.1102537052631578
2015-03-08,0.0939842996515679
2015-03-09,0.0809713784722222
2015-03-10,0.0685522083333333
2015-03-11,0.0577489340277777
2015-03-12,0.0527794166666666
2015-03-13,0.0536854375
2015-03-14,0.0464201006944444
2015-03-15,0.0643389135338345
2015-03-16,0.1030531578947368
2015-03-17,0.1062253970588235
2015-03-18,0.1186937762237762
2015-03-19,0.1134550972222222
2015-03-20,0.1079174305555555
2015-03-21,0.1202816458333333
2015-03-22,0.1164369618055555
2015-03-23,0.1111365381944444
2015-03-24,0.1167091289198606
2015-03-25,0.1112087361111111
2015-03-26,0.0956570902777777
2015-03-27,0.0879432430555555
2015-03-28,0.0916985590277777
2015-03-29,0.0839142673611111
2015-03-30,0.079536125
2015-03-31,0.0887349270833333
2015-04-01,0.102644
2015-04-02,0.0960152245614035
2015-04-03,0.0830138055555555
2015-04-04,0.0809575365853658
2015-04-05,0.0800598472222222
2015-04-06,0.0702775972222222
2015-04-07,0.0610152534722222
2015-04-08,0.0581611951219512
2015-04-09,0.0508779236111111
2015-04-10,0.0551556701388888
2015-04-11,0.0489050590277777
2015-04-12,0.0397648576388888
2015-04-13,0.0357793784722222
2015-04-14,0.0366858576388888
2015-04-15,0.0584673846153846
2015-04-16,0.0706121388888889
2015-04-17,0.07004584375
2015-04-18,0.0799155434782608
2015-04-19,0.0817852013888888
2015-04-20,0.0761867361111111
2015-04-21,0.0715528368055555
2015-04-22,0.0612816180555555
2015-04-23,0.0498129340277777
2015-04-24,0.0434341631944444
2015-04-25,0.0403352048611111
2015-04-26,0.0387548090277777
2015-04-27,0.0328513506944444
2015-04-28,0.0294983229166666
2015-04-29,0.0270349791666666
2015-04-30,0.0391802377622377
2015-05-01,0.0499670177304964
2015-05-02,0.0959397030075187
2015-05-03,0.0847094826388888
2015-05-04,0.071687875
2015-05-05,0.0572062534722222
2015-05-06,0.0456258333333333
2015-05-07,0.038823375
2015-05-08,0.0344572534722222
2015-05-09,0.0302837534722222
2015-05-10,0.02709825
2015-05-11,0.0250267222222222
2015-05-12,0.0232941949458483
2015-05-13,
2015-05-14,
2015-05-15,
2015-05-16,
2015-05-17,
2015-05-18,
2015-05-19,
2015-05-20,
2015-05-21,
2015-05-22,
2015-05-23,
2015-05-24,
2015-05-25,
2015-05-26,
2015-05-27,
2015-05-28,
2015-05-29,
2015-05-30,
2015-05-31,
2015-06-01,
2015-06-02,
2015-06-03,
2015-06-04,
2015-06-05,
2015-06-06,
2015-06-07,
2015-06-08,
2015-06-09,
2015-06-10,
2015-06-11,
2015-06-12,
2015-06-13,
2015-06-14,
2015-06-15,
2015-06-16,
2015-06-17,
2015-06-18,
2015-06-19,
2015-06-20,
2015-06-21,
2015-06-22,
2015-06-23,
2015-06-24,
2015-06-25,
2015-06-26,
2015-06-27,
2015-06-28,
2015-06-29,
2015-06-30,
2015-07-01,
2015-07-02,
2015-07-03,
2015-07-04,
2015-07-05,
2015-07-06,
2015-07-07,
2015-07-08,
2015-07-09,
2015-07-10,
2015-07-11,
2015-07-12,
2015-07-13,
2015-07-14,
2015-07-15,
2015-07-16,
2015-07-17,
2015-07-18,
2015-07-19,
2015-07-20,
2015-07-21,
2015-07-22,
2015-07-23,
2015-07-24,
2015-07-25,
2015-07-26,
2015-07-27,
2015-07-28,
2015-07-29,
2015-07-30,
2015-07-31,
2015-08-01,
2015-08-02,
2015-08-03,
2015-08-04,
2015-08-05,
2015-08-06,
2015-08-07,
2015-08-08,
2015-08-09,
2015-08-10,
2015-08-11,
2015-08-12,
2015-08-13,
2015-08-14,
2015-08-15,
2015-08-16,
2015-08-17,
2015-08-18,
2015-08-19,
2015-08-20,
2015-08-21,
2015-08-22,
2015-08-23,
2015-08-24,
2015-08-25,
2015-08-26,
2015-08-27,
2015-08-28,
2015-08-29,
2015-08-30,
2015-08-31,
2015-09-01,
2015-09-02,
2015-09-03,
2015-09-04,
2015-09-05,
2015-09-06,
2015-09-07,
2015-09-08,
2015-09-09,
2015-09-10,
2015-09-11,
2015-09-12,
2015-09-13,
2015-09-14,
2015-09-15,
2015-09-16,
2015-09-17,
2015-09-18,
2015-09-19,
2015-09-20,
2015-09-21,
2015-09-22,
2015-09-23,
2015-09-24,
2015-09-25,
2015-09-26,
2015-09-27,
2015-09-28,
2015-09-29,
2015-09-30,
2015-10-01,
2015-10-02,
2015-10-03,
2015-10-04,
2015-10-05,
2015-10-06,
2015-10-07,
2015-10-08,
2015-10-09,
2015-10-10,
2015-10-11,
2015-10-12,
2015-10-13,
2015-10-14,
2015-10-15,
2015-10-16,
2015-10-17,
2015-10-18,
2015-10-19,
2015-10-20,
2015-10-21,
2015-10-22,
2015-10-23,
2015-10-24,
2015-10-25,
2015-10-26,
2015-10-27,
2015-10-28,
2015-10-29,
2015-10-30,
2015-10-31,
2015-11-01,
2015-11-02,
2015-11-03,
2015-11-04,
2015-11-05,
2015-11-06,
2015-11-07,
2015-11-08,
2015-11-09,
2015-11-10,
2015-11-11,
2015-11-12,
2015-11-13,
2015-11-14,
2015-11-15,
2015-11-16,
2015-11-17,
2015-11-18,
2015-11-19,
2015-11-20,
2015-11-21,
2015-11-22,
2015-11-23,
2015-11-24,
2015-11-25,
2015-11-26,
2015-11-27,
2015-11-28,
2015-11-29,
2015-11-30,
2015-12-01,
2015-12-02,
2015-12-03,
2015-12-04,
2015-12-05,
2015-12-06,
2015-12-07,
2015-12-08,
2015-12-09,
2015-12-10,
2015-12-11,
2015-12-12,
2015-12-13,
2015-12-14,
2015-12-15,
2015-12-16,
2015-12-17,
2015-12-18,
2015-12-19,
2015-12-20,
2015-12-21,
2015-12-22,
2015-12-23,
2015-12-24,
2015-12-25,
2015-12-26,
2015-12-27,
2015-12-28,
2015-12-29,
2015-12-30,
2015-12-31,
2016-01-01,
2016-01-02,
2016-01-03,
2016-01-04,
2016-01-05,
2016-01-06,
2016-01-07,
2016-01-08,
2016-01-09,
2016-01-10,
2016-01-11,
2016-01-12,
2016-01-13,
2016-01-14,
2016-01-15,
2016-01-16,
2016-01-17,
2016-01-18,
2016-01-19,
2016-01-20,
2016-01-21,
2016-01-22,
2016-01-23,
2016-01-24,
2016-01-25,
2016-01-26,
2016-01-27,
2016-01-28,
2016-01-29,
2016-01-30,
2016-01-31,
2016-02-01,
2016-02-02,
2016-02-03,
2016-02-04,
2016-02-05,
2016-02-06,
2016-02-07,
2016-02-08,
2016-02-09,
2016-02-10,
2016-02-11,
2016-02-12,
2016-02-13,
2016-02-14,
2016-02-15,
2016-02-16,
2016-02-17,
2016-02-18,
2016-02-19,
2016-02-20,
2016-02-21,
2016-02-22,
2016-02-23,
2016-02-24,
2016-02-25,
2016-02-26,
2016-02-27,
2016-02-28,
2016-02-29,
2016-03-01,
2016-03-02,
2016-03-03,
2016-03-04,
2016-03-05,
2016-03-06,
2016-03-07,
2016-03-08,
2016-03-09,
2016-03-10,
2016-03-11,
2016-03-12,
2016-03-13,
2016-03-14,
2016-03-15,
2016-03-16,
2016-03-17,
2016-03-18,
2016-03-19,
2016-03-20,
2016-03-21,
2016-03-22,
2016-03-23,
2016-03-24,
2016-03-25,
2016-03-26,
2016-03-27,
2016-03-28,
2016-03-29,
2016-03-30,
2016-03-31,
2016-04-01,
2016-04-02,
2016-04-03,
2016-04-04,
2016-04-05,
2016-04-06,
2016-04-07,
2016-04-08,
2016-04-09,
2016-04-10,
2016-04-11,
2016-04-12,
2016-04-13,
2016-04-14,
2016-04-15,
2016-04-16,
2016-04-17,
2016-04-18,
2016-04-19,
2016-04-20,
2016-04-21,
2016-04-22,
2016-04-23,
2016-04-24,
2016-04-25,
2016-04-26,
2016-04-27,
2016-04-28,
2016-04-29,
2016-04-30,
2016-05-01,
2016-05-02,
2016-05-03,
2016-05-04,
2016-05-05,
2016-05-06,
2016-05-07,
2016-05-08,
2016-05-09,
2016-05-10,
2016-05-11,
2016-05-12,
2016-05-13,
2016-05-14,
2016-05-15,
2016-05-16,
2016-05-17,
2016-05-18,
2016-05-19,
2016-05-20,
2016-05-21,
2016-05-22,
2016-05-23,
2016-05-24,
2016-05-25,
2016-05-26,
2016-05-27,
2016-05-28,
2016-05-29,
2016-05-30,
2016-05-31,
2016-06-01,
2016-06-02,
2016-06-03,
2016-06-04,
2016-06-05,
2016-06-06,
2016-06-07,
2016-06-08,
2016-06-09,
2016-06-10,
2016-06-11,
2016-06-12,
2016-06-13,
2016-06-14,
2016-06-15,
2016-06-16,
2016-06-17,
2016-06-18,
2016-06-19,
2016-06-20,
2016-06-21,
2016-06-22,
2016-06-23,
2016-06-24,
2016-06-25,
2016-06-26,
2016-06-27,
2016-06-28,
2016-06-29,
2016-06-30,
2016-07-01,
2016-07-02,
2016-07-03,
2016-07-04,
2016-07-05,
2016-07-06,
2016-07-07,
2016-07-08,
2016-07-09,
2016-07-10,
2016-07-11,
2016-07-12,
2016-07-13,
2016-07-14,
2016-07-15,
2016-07-16,
2016-07-17,
2016-07-18,
2016-07-19,
2016-07-20,
2016-07-21,
2016-07-22,
2016-07-23,
2016-07-24,
2016-07-25,
2016-07-26,
2016-07-27,
2016-07-28,
2016-07-29,
2016-07-30,
2016-07-31,
2016-08-01,
2016-08-02,
2016-08-03,
2016-08-04,
2016-08-05,
2016-08-06,
2016-08-07,
2016-08-08,
2016-08-09,
2016-08-10,
2016-08-11,
2016-08-12,
2016-08-13,
2016-08-14,
2016-08-15,
2016-08-16,
2016-08-17,
2016-08-18,
2016-08-19,
2016-08-20,
2016-08-21,
2016-08-22,
2016-08-23,
2016-08-24,
2016-08-25,
2016-08-26,
2016-08-27,
2016-08-28,
2016-08-29,
2016-08-30,
2016-08-31,
2016-09-01,
2016-09-02,
2016-09-03,
2016-09-04,
2016-09-05,
2016-09-06,
2016-09-07,
2016-09-08,
2016-09-09,
2016-09-10,
2016-09-11,
2016-09-12,
2016-09-13,
2016-09-14,
2016-09-15,
2016-09-16,
2016-09-17,
2016-09-18,
2016-09-19,
2016-09-20,
2016-09-21,
2016-09-22,
2016-09-23,
2016-09-24,
2016-09-25,
2016-09-26,
2016-09-27,
2016-09-28,
2016-09-29,
2016-09-30,
2016-10-01,
2016-10-02,
2016-10-03,
2016-10-04,
2016-10-05,
2016-10-06,
2016-10-07,
2016-10-08,
2016-10-09,
2016-10-10,
2016-10-11,
2016-10-12,
2016-10-13,
2016-10-14,
2016-10-15,
2016-10-16,
2016-10-17,
2016-10-18,
2016-10-19,
2016-10-20,
2016-10-21,
2016-10-22,
2016-10-23,
2016-10-24,
2016-10-25,
2016-10-26,
2016-10-27,
2016-10-28,
2016-10-29,
2016-10-30,
2016-10-31,
2016-11-01,
2016-11-02,
2016-11-03,
2016-11-04,
2016-11-05,
2016-11-06,
2016-11-07,
2016-11-08,
2016-11-09,
2016-11-10,
2016-11-11,
2016-11-12,
2016-11-13,
2016-11-14,
2016-11-15,
2016-11-16,
2016-11-17,
2016-11-18,
2016-11-19,
2016-11-20,
2016-11-21,
2016-11-22,
2016-11-23,
2016-11-24,
2016-11-25,
2016-11-26,
2016-11-27,
2016-11-28,
2016-11-29,
2016-11-30,
2016-12-01,
2016-12-02,
2016-12-03,
2016-12-04,
2016-12-05,
2016-12-06,
2016-12-07,
2016-12-08,
2016-12-09,
2016-12-10,
2016-12-11,
2016-12-12,
2016-12-13,
2016-12-14,
2016-12-15,
2016-12-16,
2016-12-17,
2016-12-18,
2016-12-19,
2016-12-20,
2016-12-21,
2016-12-22,
2016-12-23,
2016-12-24,
2016-12-25,
2016-12-26,
2016-12-27,
2016-12-28,
2016-12-29,
2016-12-30,
2016-12-31,
2017-01-01,
2017-01-02,
2017-01-03,
2017-01-04,
2017-01-05,
2017-01-06,
2017-01-07,
2017-01-08,
2017-01-09,
2017-01-10,
2017-01-11,
2017-01-12,
2017-01-13,
2017-01-14,
2017-01-15,
2017-01-16,
2017-01-17,
2017-01-18,
2017-01-19,
2017-01-20,
2017-01-21,
2017-01-22,
2017-01-23,
2017-01-24,
2017-01-25,
2017-01-26,
2017-01-27,
2017-01-28,
2017-01-29,
2017-01-30,
2017-01-31,
2017-02-01,
2017-02-02,
2017-02-03,
2017-02-04,
2017-02-05,
2017-02-06,
2017-02-07,
2017-02-08,
2017-02-09,
2017-02-10,
2017-02-11,
2017-02-12,
2017-02-13,
2017-02-14,
2017-02-15,
2017-02-16,
2017-02-17,
2017-02-18,
2017-02-19,
2017-02-20,
2017-02-21,
2017-02-22,
2017-02-23,
2017-02-24,
2017-02-25,
2017-02-26,
2017-02-27,
2017-02-28,
2017-03-01,
2017-03-02,
2017-03-03,
2017-03-04,
2017-03-05,
2017-03-06,0.08446273336
2017-03-07,0.0790666237824542
2017-03-08,0.0983303408741568
2017-03-09,0.0851016927136111
2017-03-10,0.0888285003146689
2017-03-11,0.0846594495651041
2017-03-12,0.0675570039932986
2017-03-13,0.0606529874503124
2017-03-14,0.0785382617597244
2017-03-15,0.0994353527944405
2017-03-16,0.1077535523911498
2017-03-17,0.0874537312793055
2017-03-18,0.0897133707992279
2017-03-19,0.0861858840019791
2017-03-20,0.0758938126444791
2017-03-21,0.0889748518852097
2017-03-22,0.075766536880868
2017-03-23,0.075626578041493
2017-03-24,0.0740387768892708
2017-03-25,0.0748208825104529
2017-03-26,0.0755899009510416
2017-03-27,0.0760968947578472
2017-03-28,0.0725497347297561
2017-03-29,0.0770577678743508
2017-03-30,0.0965428948181716
2017-03-31,0.0749907140802083
2017-04-01,0.0658857829902456
2017-04-02,0.0614130701602083
2017-04-03,0.0668058983778125
2017-04-04,0.0791209089001626
2017-04-05,0.0792527856216319
2017-04-06,0.0626025416800347
2017-04-07,0.0544922921673958
2017-04-08,0.0493925747716319
2017-04-09,0.0628901586367518
2017-04-10,0.0653723818413541
2017-04-11,0.0604866336709027
2017-04-12,0.0537362127212499
2017-04-13,0.048046630439375
2017-04-14,0.041420396723993
2017-04-15,0.0334350561234027
2017-04-16,0.0263007543487847
2017-04-17,0.0276014997518596
2017-04-18,0.0374499815836111
2017-04-19,0.0425343297140277
2017-04-20,0.0407499893346875
2017-04-21,0.0357282439989583
2017-04-22,0.0281495072272916
2017-04-23,0.0283265853917013
2017-04-24,0.0259481671352083
2017-04-25,0.0221156795130902
2017-04-26,0.0208140690151041
2017-04-27,0.0230764324507638
2017-04-28,0.0193201342094791
2017-04-29,0.0178371420582986
2017-04-30,0.0160462728941666
2017-05-01,0.0134831759351388
2017-05-02,0.0129921234442708
2017-05-03,0.0117721103830034
2017-05-04,0.0114580644061319
2017-05-05,0.0208716644116431
2017-05-06,0.038405614673908
2017-05-07,0.0531423668361111
2017-05-08,0.0456794525516666
2017-05-09,0.042217961116493
2017-05-10,0.0454823870827777
2017-05-11,0.046095599709618
2017-05-12,0.0420940936412847
2017-05-13,0.0362804925435416
2017-05-14,0.0320876141777083
2017-05-15,0.0417801570307746
2017-05-16,0.0492415509259374
2017-05-17,0.0482502641403125
2017-05-18,0.0429512267991666
2017-05-19,0.0387495783839236
2017-05-20,0.0403947815111111
2017-05-21,0.0459507757968749
2017-05-22,0.0431235945811805
2017-05-23,0.0418595530471875
2017-05-24,0.0342512645113541
2017-05-25,0.027760927427743
2017-05-26,0.0225189621229861
2017-05-27,0.0194812927008333
2017-05-28,0.0167487871200389
2017-05-29,
2017-05-30,
2017-05-31,
2017-06-01,
2017-06-02,
2017-06-03,
2017-06-04,
2017-06-05,
2017-06-06,
2017-06-07,
2017-06-08,
2017-06-09,
2017-06-10,
2017-06-11,
2017-06-12,
2017-06-13,
2017-06-14,
2017-06-15,
2017-06-16,
2017-06-17,
2017-06-18,
2017-06-19,
2017-06-20,
2017-06-21,
2017-06-22,
2017-06-23,
2017-06-24,
2017-06-25,
2017-06-26,
2017-06-27,
2017-06-28,
2017-06-29,
2017-06-30,
2017-07-01,
2017-07-02,
2017-07-03,
2017-07-04,
2017-07-05,
2017-07-06,
2017-07-07,
2017-07-08,
2017-07-09,
2017-07-10,
2017-07-11,
2017-07-12,
2017-07-13,
2017-07-14,
2017-07-15,
2017-07-16,
2017-07-17,
2017-07-18,
2017-07-19,
2017-07-20,
2017-07-21,
2017-07-22,
2017-07-23,
2017-07-24,
2017-07-25,
2017-07-26,
2017-07-27,
2017-07-28,
2017-07-29,
2017-07-30,
2017-07-31,
2017-08-01,
2017-08-02,
2017-08-03,
2017-08-04,
2017-08-05,
2017-08-06,
2017-08-07,
2017-08-08,
2017-08-09,
2017-08-10,
2017-08-11,
2017-08-12,
2017-08-13,
2017-08-14,
2017-08-15,
2017-08-16,
2017-08-17,
2017-08-18,
2017-08-19,
2017-08-20,
2017-08-21,
2017-08-22,
2017-08-23,
2017-08-24,0.000310948266051
2017-08-25,0.000347461837059
2017-08-26,0.0003734672498437
2017-08-27,0.0003761008102604
2017-08-28,0.0005793704037604
2017-08-29,0.0005055383030243
2017-08-30,0.000406815855375
2017-08-31,0.0003432113129618
2017-09-01,0.0003009389138125
2017-09-02,0.0002819248946979
2017-09-03,0.0002817210135694
2017-09-04,0.0002857387503611
2017-09-05,0.0002767466416284
2017-09-06,0.0002809891747083
2017-09-07,0.0003792126934166
2017-09-08,0.0003493238928506
2017-09-09,0.0003388645715555
2017-09-10,0.0003458095071597
2017-09-11,0.0004256323823506
2017-09-12,0.0005278797583888
2017-09-13,0.0006867851475173
2017-09-14,0.0006949124171145
2017-09-15,0.0008112250208402
2017-09-16,0.0008291230762256
2017-09-17,0.0009180696761597
2017-09-18,0.0007512951603263
2017-09-19,0.0006159445003819
2017-09-20,0.0004964618126423
2017-09-21,0.0046943586029265
2017-09-22,0.0022405024604375
2017-09-23,0.0014507876392118
2017-09-24,0.0011602556046805
2017-09-25,0.0077919217336585
2017-09-26,0.0054111870918188
2017-09-27,0.0037964523770243
2017-09-28,0.0024944454322708
2017-09-29,0.0019909881785902
2017-09-30,0.0017593516725312
2017-10-01,0.0013653909260972
2017-10-02,0.0011716689456666
2017-10-03,0.0013409317529861
2017-10-04,0.0013884559956006
2017-10-05,0.0011537566009375
2017-10-06,0.0009365553514895
2017-10-07,0.0018627602875243
2017-10-08,0.0020734185504965
2017-10-09,0.0019242098769305
2017-10-10,0.0017720087924201
2017-10-11,0.0014498778450381
2017-10-12,0.0012688728702881
2017-10-13,0.0011395129434236
2017-10-14,0.0010477585020555
2017-10-15,0.0010170913754027
2017-10-16,0.0008193954903368
2017-10-17,0.0007310056113194
2017-10-18,0.0006428220051493
2017-10-19,0.0006139587471777
2017-10-20,0.0007940278333159
2017-10-21,0.0007076673586041
2017-10-22,0.0007863154696944
2017-10-23,0.0011024931759062
2017-10-24,0.0009744087857118
2017-10-25,0.0009497322415972
2017-10-26,0.0008936416942083
2017-10-27,0.0011754456153333
2017-10-28,0.0012870146513888
2017-10-29,0.0053408904848715
2017-10-30,0.0154918398756284
2017-10-31,0.0103808254468194
2017-11-01,0.0062303126937916
2017-11-02,0.0041899463850069
2017-11-03,0.0031110626817499
2017-11-04,0.0024389307602187
2017-11-05,0.0021084731024479
2017-11-06,0.0018761590917604
2017-11-07,0.0018913724346979
2017-11-08,0.00159700235375
2017-11-09,0.0014413820340243
2017-11-10,0.0011780401336284
2017-11-11,0.0010396543822986
2017-11-12,0.000964576967427
2017-11-13,0.000843717511677
2017-11-14,0.0006324018189335
2017-11-15,0.0005595903560625
2017-11-16,0.0005898679577118
2017-11-17,0.0004972278532465
2017-11-18,0.000570454484993
2017-11-19,0.0006028599421736
2017-11-20,0.0004833876440208
2017-11-21,0.0004787547554201
2017-11-22,0.0005128215292951
2017-11-23,0.0014135435098993
2017-11-24,0.0011680570657986
2017-11-25,0.0008066612486597
2017-11-26,0.0007400015669548
2017-11-27,0.0006693390017222
2017-11-28,0.0006373260334548
2017-11-29,0.0005816319334305
2017-11-30,0.0006957944743055
2017-12-01,0.0059437176276923
2017-12-02,0.0213883154095052
2017-12-03,0.0191922338477777
2017-12-04,0.0173675522893055
2017-12-05,0.0233475739248611
2017-12-06,0.0386585342852083
2017-12-07,0.0376244813482291
2017-12-08,0.0335003907669444
2017-12-09,0.0393408893552797
2017-12-10,0.0349545105557291
2017-12-11,0.0249763381871527
2017-12-12,0.0184781242982986
2017-12-13,0.0140876629034027
2017-12-14,0.0114536583872013
2017-12-15,0.0141475422897881
2017-12-16,0.0132950583077604
2017-12-17,0.0133204236909375
2017-12-18,0.0119469218490069
2017-12-19,0.0092420306398958
2017-12-20,0.0265134419386478
2017-12-21,0.0432325202169444
2017-12-22,0.0416365107320833
2017-12-23,0.0364569397471527
2017-12-24,0.0357479233888888
2017-12-25,0.0369771897902083
2017-12-26,0.039139188290868
2017-12-27,0.0439437916285069
2017-12-28,0.0462650142775958
2017-12-29,0.0476250499231944
2017-12-30,0.0435182513862847
2017-12-31,0.0370744752563194
2018-01-01,0.0277926502151388
2018-01-02,0.0207710904578125
2018-01-03,0.0153930746260069
2018-01-04,0.0128860679838888
2018-01-05,0.0138676990609027
2018-01-06,0.0238894258047569
2018-01-07,0.0276508195299305
2018-01-08,0.0490279434385763
2018-01-09,0.0543973548571875
2018-01-10,0.0540353953357291
2018-01-11,0.0507512339511111
2018-01-12,0.0550405284195759
2018-01-13,0.0666495404735191
2018-01-14,0.0656262216198611
2018-01-15,0.0636593408158333
2018-01-16,0.0649521486952083
2018-01-17,0.0661918441207639
2018-01-18,0.06977867980375
2018-01-19,0.0590036403929166
2018-01-20,0.0489084410477083
2018-01-21,0.0422556978843402
2018-01-22,0.0705665666830555
2018-01-23,0.0703005685490972
2018-01-24,0.0601765971777777
2018-01-25,0.051001821874618
2018-01-26,0.0439708724746527
2018-01-27,0.0395132025676388
2018-01-28,0.0360110934577777
2018-01-29,0.0270204868875
2018-01-30,0.0217547889167708
2018-01-31,0.0179213141669097
2018-02-01,0.0187933551573611
2018-02-02,0.0243048701397543
2018-02-03,0.0180016092334027
2018-02-04,0.0141284924317708
2018-02-05,0.0125313906422222
2018-02-06,0.0108507444474861
2018-02-07,0.0096436584252152
2018-02-08,0.0174734229973298
2018-02-09,0.0314674118452777
2018-02-10,0.033745345340868
2018-02-11,0.0338932226516666
2018-02-12,0.0283605761663541
2018-02-13,0.0265150720884374
2018-02-14,0.0215002014025694
2018-02-15,0.0214166344384027
2018-02-16,0.0205869606899652
2018-02-17,0.0169950592428819
2018-02-18,0.033429508625944
2018-02-19,0.0430959542424305
2018-02-20,0.0350114691024305
2018-02-21,0.0264962965675347
2018-02-22,0.0193735504444444
2018-02-23,0.0151729202977083
2018-02-24,0.0121550041243923
2018-02-25,0.010809257887434
2018-02-26,0.0273589764656678
2018-02-27,0.0289573764026736
2018-02-28,0.0389612647932584
2018-03-01,0.0701322664749097
2018-03-02,0.0611465923886111
2018-03-03,0.0524370120087152
2018-03-04,0.0457184216034375
2018-03-05,0.0420143067081944
2018-03-06,0.0480074983753472
2018-03-07,0.0556304222232638
2018-03-08,0.0463087428936458
2018-03-09,0.0440303163155555
2018-03-10,0.0384336915046875
2018-03-11,0.0331924510890625
2018-03-12,0.0331949818608333
2018-03-13,0.0298220015723263
2018-03-14,0.0335097417284027
2018-03-15,0.0315335224748611
2018-03-16,0.0304904068988541
2018-03-17,0.0515397249646792
2018-03-18,0.074826228036807
2018-03-19,0.0649585059639721
2018-03-20,0.0558978453421874
2018-03-21,0.0469557927875694
2018-03-22,0.0546144367309454
2018-03-23,0.0680166557420567
2018-03-24,0.0980851751404597
2018-03-25,0.0883299579070486
2018-03-26,0.0832623692617894
2018-03-27,0.0785571518641811
2018-03-28,0.070779255804375
2018-03-29,0.0617273755254861
2018-03-30,0.0669724748706439
2018-03-31,0.0660720711538888
2018-04-01,0.0570587649157291
2018-04-02,0.0509916789897569
2018-04-03,0.0458409511604513
2018-04-04,0.045947638339618
2018-04-05,0.0453662178702777
2018-04-06,0.0495313021800347
2018-04-07,0.0548400436811805
2018-04-08,0.0543552853998263
2018-04-09,0.0506526105053819
2018-04-10,0.0473077501940277
2018-04-11,0.0543996060513405
2018-04-12,0.0592488291174295
2018-04-13,0.0607047488395833
2018-04-14,0.0545564882400347
2018-04-15,0.0455019800254861
2018-04-16,0.0367217575380555
2018-04-17,0.0287416735454166
2018-04-18,0.0230196843830902
2018-04-19,0.018496023692118
2018-04-20,0.017889084469094
2018-04-21,0.0196340819281597
2018-04-22,0.0185180325396527
2018-04-23,0.0163710280013194
2018-04-24,0.0166374958882986
2018-04-25,0.0182610166317708
2018-04-26,0.0131729498826041
2018-04-27,0.0111241135519027
2018-04-28,0.0111590794721354
2018-04-29,0.0098470302435972
2018-04-30,0.0086849926277361
2018-05-01,0.0086788418621006
2018-05-02,0.0078389383080173
2018-05-03,0.006549372258809
2018-05-04,0.006710820290875
2018-05-05,0.0165331631169513
2018-05-06,0.009493216886868
2018-05-07,0.0096165403420312
2018-05-08,0.0086540148731805
2018-05-09,0.0076818403508611
2018-05-10,0.0065019552800451
2018-05-11,0.0056012978212256
2018-05-12,0.0057278807852256
2018-05-13,0.0065034367541805
2018-05-14,0.0074600329042743
2018-05-15,0.0066559109583715
2018-05-16,0.0068268237128159
2018-05-17,0.0092154517551875
2018-05-18,0.008764406824868
2018-05-19,0.0076077913749687
2018-05-20,0.0065013486833958
2018-05-21,0.0128144920453588
2018-05-22,0.015445546758927
2018-05-23,0.016783388237743
2018-05-24,0.0113712774785729
2018-05-25,0.0091883483971215
2018-05-26,0.0076934043240486
2018-05-27,0.0064966783821388
2018-05-28,0.0057010060096805
2018-05-29,0.0051165028430451
2018-05-30,0.0041967874459131
2018-05-31,0.0035461105423958
2018-06-01,0.0036685538711458
2018-06-02,0.0036823588700486
2018-06-03,0.003422787711
2018-06-04,0.0030857318106909
2018-06-05,0.002574605652809
2018-06-06,0.0022351076337638
2018-06-07,0.0020586025872361
2018-06-08,0.0019010880898819
2018-06-09,0.0017782159401805
2018-06-10,0.0016267403519305
2018-06-11,0.0014833436984166
2018-06-12,0.0014755743934097
2018-06-13,0.0017430109832708
2018-06-14,0.0016334976261041
2018-06-15,0.0013970845872812
2018-06-16,0.0011799980988437
2018-06-17,0.0011143885898576
2018-06-18,0.0010135524340798
2018-06-19,0.0009821570483437
2018-06-20,0.0009408879020902
2018-06-21,0.000859147913802
2018-06-22,0.0008262004041701
2018-06-23,0.000766189895552
2018-06-24,0.0007875003959027
2018-06-25,0.0008000724633333
2018-06-26,0.0007805518882569
2018-06-27,0.0006984490767881
2018-06-28,0.0006932630023854
2018-06-29,0.0006087893232361
2018-06-30,0.0005478237674618
2018-07-01,0.0005059745335069
2018-07-02,0.0004704598033159
2018-07-03,0.0004933716882361
2018-07-04,0.0004711974102916
2018-07-05,0.0004794521533506
2018-07-06,0.0004477404108645
2018-07-07,0.0004193656535659
2018-07-08,0.0003880531915173
2018-07-09,0.0004194014361111
2018-07-10,0.0005098559721666
2018-07-11,0.0006037090766527
2018-07-12,0.0005212402554477
2018-07-13,
2018-07-14,
2018-07-15,
2018-07-16,
2018-07-17,0.0003429458790592
2018-07-18,0.0003720188162812
2018-07-19,0.0003650477444166
2018-07-20,0.0003332787059618
2018-07-21,0.0003222757865972
2018-07-22,0.0003231659100555
2018-07-23,0.0003328320455694
2018-07-24,0.0002967818289062
2018-07-25,0.0002708484777743
2018-07-26,0.0002647645720763
2018-07-27,0.0002668949429548
2018-07-28,0.0002471570449652
2018-07-29,0.0002271099194027
2018-07-30,0.0002182668553402
2018-07-31,0.0002217072719305
2018-08-01,0.0002380310336458
2018-08-02,0.0002227856565381
2018-08-03,0.0002768151571076
2018-08-04,0.0002194603390451
2018-08-05,0.0001987932765277
2018-08-06,0.0001985414822152
2018-08-07,0.0001769944393472
2018-08-08,0.0001787112408923
2018-08-09,0.0001569386805277
2018-08-10,0.0001627660596388
2018-08-11,0.0001394021577222
2018-08-12,0.0001217755267951
2018-08-13,0.0001172814915659
2018-08-14,0.0001269565182256
2018-08-15,0.0001208221036006
2018-08-16,0.0001351856570034
2018-08-17,0.0001274584020208
2018-08-18,0.0001244494555069
2018-08-19,0.0001193382969548
2018-08-20,0.0001101288618888
2018-08-21,9.672144969791668e-05
2018-08-22,9.406644786805557e-05
2018-08-23,8.539016147916666e-05
2018-08-24,7.255541940972223e-05
2018-08-25,7.275159623958334e-05
2018-08-26,6.732680679370629e-05
2018-08-27,7.125154313194445e-05
2018-08-28,6.168910553169014e-05
2018-08-29,6.482931179999999e-05
2018-08-30,5.835989406071429e-05
2018-08-31,4.4534655006944446e-05
2018-09-01,5.486503427083333e-05
2018-09-02,5.1788066875e-05
2018-09-03,5.3978951395833335e-05
2018-09-04,4.882555733333333e-05
2018-09-05,4.238198922916667e-05
2018-09-06,3.506682800347222e-05
2018-09-07,4.022647595486111e-05
2018-09-08,3.6677396600694446e-05
2018-09-09,3.201180644097222e-05
2018-09-10,3.227169929513889e-05
2018-09-11,3.193711172222222e-05
2018-09-12,3.316760958680556e-05
2018-09-13,3.041248097222222e-05
2018-09-14,3.8822348802083335e-05
2018-09-15,4.5960981444444446e-05
2018-09-16,6.0965309701388886e-05
2018-09-17,0.0001086155612187
2018-09-18,9.524316558680556e-05
2018-09-19,6.965345753472222e-05
2018-09-20,5.259199047916667e-05
2018-09-21,3.804535959027778e-05
2018-09-22,2.6784821722222225e-05
2018-09-23,2.7609627840277776e-05
2018-09-24,2.3793877350694445e-05
2018-09-25,2.255377546180556e-05
2018-09-26,3.433013856597222e-05
2018-09-27,3.2929700177083335e-05
2018-09-28,2.5306912861111112e-05
2018-09-29,2.582837815625e-05
2018-09-30,4.921773779166667e-05
2018-10-01,0.0001905978722587
2018-10-02,0.0004944903701423
2018-10-03,0.0005095176370138
2018-10-04,0.0005501206098472
2018-10-05,0.0004361271307256
2018-10-06,0.0003535279141597
2018-10-07,0.0003398976759756
2018-10-08,0.0003052928819895
2018-10-09,0.000283123159684
2018-10-10,0.0003067646553819
2018-10-11,0.0002853167619479
2018-10-12,0.0003204703014618
2018-10-13,0.0005596884570972
2018-10-14,0.000680451640059
2018-10-15,0.0004951407059861
2018-10-16,0.0006831774030729
2018-10-17,0.0004860741622777
2018-10-18,0.0009829599165659
2018-10-19,0.0010111534177638
2018-10-20,0.0010579917686388
2018-10-21,0.0062508835748333
2018-10-22,0.0051258236127743
2018-10-23,0.0045939847075208
2018-10-24,0.0052583632412395
2018-10-25,0.005978422669684
2018-10-26,0.0053115014060694
2018-10-27,0.0048388561086875
2018-10-28,0.0045040277985555
2018-10-29,0.0057635574811597
2018-10-30,0.005734552695302
2018-10-31,0.0047390040807465
2018-11-01,0.0034891051469409
2018-11-02,0.0033325725186215
2018-11-03,0.0051106827006631
2018-11-04,0.0058443251167222
2018-11-05,0.0045483376889756
2018-11-06,0.0033842086966597
2018-11-07,0.0026751044910416
2018-11-08,0.0030151288889756
2018-11-09,0.0028060573866215
2018-11-10,0.0022313566457256
2018-11-11,0.0019860762606041
2018-11-12,0.0020433156998333
2018-11-13,0.0017300665578611
2018-11-14,0.0015755723880312
2018-11-15,0.0019482065812013
2018-11-16,0.0024028130722638
2018-11-17,0.0059989061633194
2018-11-18,0.011612342773684
2018-11-19,0.0391991351782089
2018-11-20,0.0580997687868181
2018-11-21,0.0578988207976895
2018-11-22,0.0579936059935763
2018-11-23,0.0541661833664583
2018-11-24,0.0480979205526041
2018-11-25,0.047298405654375
2018-11-26,0.0562952287297916
2018-11-27,0.0510951331154861
2018-11-28,0.0400906733695486
2018-11-29,0.0286215584602777
2018-11-30,0.020461236820868
2018-12-01,0.0171285902860069
2018-12-02,0.0146006360348263
2018-12-03,0.0127530858711111
2018-12-04,0.0114981836124999
2018-12-05,0.0109481925307118
2018-12-06,0.0110349960199652
2018-12-07,0.0107487006150034
2018-12-08,0.0107124175316423
2018-12-09,0.0104599171013506
2018-12-10,0.0103997979871701
2018-12-11,0.0106121906989652
2018-12-12,0.0106682874606562
2018-12-13,0.0100138904923298
2018-12-14,0.0167928153295624
2018-12-15,0.0157585949405902
2018-12-16,0.0145356400680208
2018-12-17,0.0264906793873263
2018-12-18,0.0281286770885416
2018-12-19,0.0233465820047222
2018-12-20,0.0209254019381756
2018-12-21,
2018-12-22,
2018-12-23,
2018-12-24,
2018-12-25,
2018-12-26,
2018-12-27,
2018-12-28,
2018-12-29,
2018-12-30,
2018-12-31,
2019-01-01,
2019-01-02,
2019-01-03,
2019-01-04,
2019-01-05,
2019-01-06,
2019-01-07,
2019-01-08,
2019-01-09,
2019-01-10,
2019-01-11,
2019-01-12,
2019-01-13,
2019-01-14,
2019-01-15,
2019-01-16,
2019-01-17,
2019-01-18,
2019-01-19,
2019-01-20,
2019-01-21,
2019-01-22,
2019-01-23,
2019-01-24,
2019-01-25,
2019-01-26,
2019-01-27,
2019-01-28,
2019-01-29,
2019-01-30,
2019-01-31,
2019-02-01,
2019-02-02,
2019-02-03,
2019-02-04,
2019-02-05,
2019-02-06,
2019-02-07,
2019-02-08,
2019-02-09,
2019-02-10,
2019-02-11,
2019-02-12,
2019-02-13,
2019-02-14,
2019-02-15,
2019-02-16,
2019-02-17,
2019-02-18,
2019-02-19,
2019-02-20,
2019-02-21,
2019-02-22,
2019-02-23,
2019-02-24,
2019-02-25,
2019-02-26,
2019-02-27,
2019-02-28,
2019-03-01,
2019-03-02,
2019-03-03,
2019-03-04,
2019-03-05,
2019-03-06,
2019-03-07,
2019-03-08,
2019-03-09,
2019-03-10,
2019-03-11,
2019-03-12,
2019-03-13,
2019-03-14,
2019-03-15,
2019-03-16,
2019-03-17,
2019-03-18,
2019-03-19,
2019-03-20,
2019-03-21,
2019-03-22,
2019-03-23,
2019-03-24,
2019-03-25,
2019-03-26,
2019-03-27,
2019-03-28,
2019-03-29,
2019-03-30,
2019-03-31,
2019-04-01,
2019-04-02,
2019-04-03,
2019-04-04,
2019-04-05,
2019-04-06,
2019-04-07,
2019-04-08,
2019-04-09,
2019-04-10,
2019-04-11,
2019-04-12,
2019-04-13,
2019-04-14,
2019-04-15,
2019-04-16,
2019-04-17,
2019-04-18,
2019-04-19,
2019-04-20,
2019-04-21,
2019-04-22,
2019-04-23,
2019-04-24,
2019-04-25,
2019-04-26,
2019-04-27,
2019-04-28,
2019-04-29,
2019-04-30,
2019-05-01,
2019-05-02,
2019-05-03,
2019-05-04,
2019-05-05,
2019-05-06,
2019-05-07,
2019-05-08,
2019-05-09,
2019-05-10,
2019-05-11,
2019-05-12,
2019-05-13,
2019-05-14,
2019-05-15,
2019-05-16,
2019-05-17,
2019-05-18,
2019-05-19,
2019-05-20,
2019-05-21,
2019-05-22,
2019-05-23,
2019-05-24,
2019-05-25,
2019-05-26,
2019-05-27,
2019-05-28,
2019-05-29,
2019-05-30,
2019-05-31,
2019-06-01,
2019-06-02,
2019-06-03,
2019-06-04,
2019-06-05,
2019-06-06,
2019-06-07,
2019-06-08,
2019-06-09,
2019-06-10,
2019-06-11,
2019-06-12,
2019-06-13,
2019-06-14,
2019-06-15,
2019-06-16,
2019-06-17,
2019-06-18,
2019-06-19,
2019-06-20,
2019-06-21,
2019-06-22,
2019-06-23,
2019-06-24,
2019-06-25,
2019-06-26,
2019-06-27,
2019-06-28,
2019-06-29,
2019-06-30,
2019-07-01,
2019-07-02,
2019-07-03,
2019-07-04,
2019-07-05,
2019-07-06,
2019-07-07,
2019-07-08,
2019-07-09,
2019-07-10,
2019-07-11,
2019-07-12,
2019-07-13,
2019-07-14,
2019-07-15,
2019-07-16,
2019-07-17,
2019-07-18,
2019-07-19,
2019-07-20,
2019-07-21,
2019-07-22,
2019-07-23,
2019-07-24,
2019-07-25,
2019-07-26,
2019-07-27,
2019-07-28,
2019-07-29,
2019-07-30,
2019-07-31,
2019-08-01,
2019-08-02,
2019-08-03,
2019-08-04,
2019-08-05,
2019-08-06,
2019-08-07,
2019-08-08,
2019-08-09,
2019-08-10,
2019-08-11,
2019-08-12,
2019-08-13,
2019-08-14,
2019-08-15,
2019-08-16,
2019-08-17,
2019-08-18,
2019-08-19,
2019-08-20,
2019-08-21,
2019-08-22,
2019-08-23,
2019-08-24,
2019-08-25,
2019-08-26,
2019-08-27,
2019-08-28,
2019-08-29,
2019-08-30,
2019-08-31,
2019-09-01,
2019-09-02,
2019-09-03,
2019-09-04,
2019-09-05,
2019-09-06,
2019-09-07,
2019-09-08,
2019-09-09,
2019-09-10,
2019-09-11,
2019-09-12,
2019-09-13,
2019-09-14,
2019-09-15,
2019-09-16,
2019-09-17,
2019-09-18,
2019-09-19,
2019-09-20,
2019-09-21,
2019-09-22,
2019-09-23,
2019-09-24,
2019-09-25,
2019-09-26,
2019-09-27,
2019-09-28,
2019-09-29,
2019-09-30,
2019-10-01,
2019-10-02,
2019-10-03,
2019-10-04,
2019-10-05,
2019-10-06,
2019-10-07,
2019-10-08,
2019-10-09,
2019-10-10,
2019-10-11,
2019-10-12,
2019-10-13,
2019-10-14,
2019-10-15,
2019-10-16,
2019-10-17,
2019-10-18,
2019-10-19,
2019-10-20,
2019-10-21,
2019-10-22,
2019-10-23,
2019-10-24,
2019-10-25,
2019-10-26,
2019-10-27,
2019-10-28,
2019-10-29,
2019-10-30,
2019-10-31,
2019-11-01,
2019-11-02,
2019-11-03,
2019-11-04,
2019-11-05,
2019-11-06,
2019-11-07,
2019-11-08,
2019-11-09,
2019-11-10,
2019-11-11,
2019-11-12,
2019-11-13,
2019-11-14,
2019-11-15,
2019-11-16,
2019-11-17,
2019-11-18,
2019-11-19,
2019-11-20,
2019-11-21,
2019-11-22,
2019-11-23,
2019-11-24,
2019-11-25,
2019-11-26,
2019-11-27,
2019-11-28,
2019-11-29,
2019-11-30,
2019-12-01,
2019-12-02,
2019-12-03,
2019-12-04,
2019-12-05,
2019-12-06,
2019-12-07,
2019-12-08,
2019-12-09,
2019-12-10,
2019-12-11,
2019-12-12,
2019-12-13,
2019-12-14,
2019-12-15,
2019-12-16,
2019-12-17,
2019-12-18,
2019-12-19,
2019-12-20,
2019-12-21,
2019-12-22,
2019-12-23,
2019-12-24,
2019-12-25,
2019-12-26,
2019-12-27,
2019-12-28,
2019-12-29,
2019-12-30,
2019-12-31,
2020-01-01,
2020-01-02,
2020-01-03,
2020-01-04,
2020-01-05,
2020-01-06,
2020-01-07,
2020-01-08,
2020-01-09,
2020-01-10,
2020-01-11,
2020-01-12,
2020-01-13,
2020-01-14,
2020-01-15,
2020-01-16,
2020-01-17,
2020-01-18,
2020-01-19,
2020-01-20,
2020-01-21,
2020-01-22,
2020-01-23,
2020-01-24,
2020-01-25,
2020-01-26,
2020-01-27,
2020-01-28,
2020-01-29,
2020-01-30,
2020-01-31,
2020-02-01,
2020-02-02,
2020-02-03,
2020-02-04,
2020-02-05,
2020-02-06,
2020-02-07,
2020-02-08,
2020-02-09,
2020-02-10,
2020-02-11,
2020-02-12,
2020-02-13,
2020-02-14,
2020-02-15,
2020-02-16,
2020-02-17,
2020-02-18,
2020-02-19,
2020-02-20,
2020-02-21,
2020-02-22,
2020-02-23,
2020-02-24,
2020-02-25,
2020-02-26,
2020-02-27,
2020-02-28,
2020-02-29,
2020-03-01,
2020-03-02,
2020-03-03,
2020-03-04,
2020-03-05,
2020-03-06,
2020-03-07,
2020-03-08,
2020-03-09,
2020-03-10,
2020-03-11,
2020-03-12,
2020-03-13,
2020-03-14,
2020-03-15,
2020-03-16,
2020-03-17,
2020-03-18,
2020-03-19,
2020-03-20,
2020-03-21,
2020-03-22,
2020-03-23,
2020-03-24,
2020-03-25,
2020-03-26,
2020-03-27,
2020-03-28,
2020-03-29,
2020-03-30,
2020-03-31,
2020-04-01,
2020-04-02,
2020-04-03,
2020-04-04,
2020-04-05,
2020-04-06,
2020-04-07,
2020-04-08,
2020-04-09,
2020-04-10,
2020-04-11,
2020-04-12,
2020-04-13,
2020-04-14,
2020-04-15,
2020-04-16,
2020-04-17,
2020-04-18,
2020-04-19,
2020-04-20,
2020-04-21,
2020-04-22,
2020-04-23,
2020-04-24,
2020-04-25,
2020-04-26,
2020-04-27,
2020-04-28,
2020-04-29,
2020-04-30,
2020-05-01,
2020-05-02,
2020-05-03,
2020-05-04,
2020-05-05,
2020-05-06,
2020-05-07,
2020-05-08,
2020-05-09,
2020-05-10,
2020-05-11,
2020-05-12,
2020-05-13,
2020-05-14,
2020-05-15,
2020-05-16,
2020-05-17,
2020-05-18,
2020-05-19,
2020-05-20,
2020-05-21,
2020-05-22,
2020-05-23,
2020-05-24,
2020-05-25,
2020-05-26,
2020-05-27,
2020-05-28,
2020-05-29,
2020-05-30,
2020-05-31,
2020-06-01,
2020-06-02,
2020-06-03,
2020-06-04,
2020-06-05,
2020-06-06,
2020-06-07,
2020-06-08,
2020-06-09,
2020-06-10,
2020-06-11,
2020-06-12,
2020-06-13,
2020-06-14,
2020-06-15,
2020-06-16,
2020-06-17,
2020-06-18,
2020-06-19,
2020-06-20,
2020-06-21,
2020-06-22,
2020-06-23,
2020-06-24,
2020-06-25,
2020-06-26,
2020-06-27,
2020-06-28,
2020-06-29,
2020-06-30,
2020-07-01,
2020-07-02,
2020-07-03,
2020-07-04,
2020-07-05,
2020-07-06,
2020-07-07,
2020-07-08,
2020-07-09,
2020-07-10,
2020-07-11,
2020-07-12,
2020-07-13,
2020-07-14,
2020-07-15,
2020-07-16,
2020-07-17,
2020-07-18,
2020-07-19,
2020-07-20,
2020-07-21,
2020-07-22,
2020-07-23,
2020-07-24,
2020-07-25,
2020-07-26,
2020-07-27,
2020-07-28,
2020-07-29,
2020-07-30,
2020-07-31,
2020-08-01,
2020-08-02,
2020-08-03,
2020-08-04,
2020-08-05,
2020-08-06,
2020-08-07,
2020-08-08,
2020-08-09,
2020-08-10,
2020-08-11,
2020-08-12,
2020-08-13,
2020-08-14,
2020-08-15,
2020-08-16,
2020-08-17,
2020-08-18,
2020-08-19,
2020-08-20,
2020-08-21,
2020-08-22,
2020-08-23,
2020-08-24,
2020-08-25,
2020-08-26,
2020-08-27,
2020-08-28,
2020-08-29,
2020-08-30,
2020-08-31,
2020-09-01,
2020-09-02,
2020-09-03,
2020-09-04,
2020-09-05,
2020-09-06,
2020-09-07,
2020-09-08,
2020-09-09,
2020-09-10,
2020-09-11,
2020-09-12,
2020-09-13,
2020-09-14,
2020-09-15,
2020-09-16,
2020-09-17,
2020-09-18,
2020-09-19,
2020-09-20,
2020-09-21,
2020-09-22,
2020-09-23,
2020-09-24,
2020-09-25,
2020-09-26,
2020-09-27,
2020-09-28,
2020-09-29,
2020-09-30,
2020-10-01,
2020-10-02,
2020-10-03,
2020-10-04,
2020-10-05,
2020-10-06,
2020-10-07,
2020-10-08,
2020-10-09,
2020-10-10,
2020-10-11,
2020-10-12,
2020-10-13,
2020-10-14,
2020-10-15,
2020-10-16,
2020-10-17,
2020-10-18,
2020-10-19,
2020-10-20,
2020-10-21,
2020-10-22,
2020-10-23,
2020-10-24,
2020-10-25,
2020-10-26,
2020-10-27,
2020-10-28,
2020-10-29,
2020-10-30,
2020-10-31,
2020-11-01,
2020-11-02,
2020-11-03,
2020-11-04,
2020-11-05,
2020-11-06,
2020-11-07,
2020-11-08,
2020-11-09,
2020-11-10,
2020-11-11,
2020-11-12,
2020-11-13,
2020-11-14,
2020-11-15,
2020-11-16,
2020-11-17,
2020-11-18,
2020-11-19,
2020-11-20,
2020-11-21,
2020-11-22,
2020-11-23,
2020-11-24,
2020-11-25,
2020-11-26,
2020-11-27,
2020-11-28,
2020-11-29,
2020-11-30,
2020-12-01,
2020-12-02,
2020-12-03,
2020-12-04,
2020-12-05,
2020-12-06,
2020-12-07,
2020-12-08,
2020-12-09,
2020-12-10,
2020-12-11,
2020-12-12,
2020-12-13,
2020-12-14,
2020-12-15,
2020-12-16,
2020-12-17,
2020-12-18,
2020-12-19,
2020-12-20,
2020-12-21,
2020-12-22,
2020-12-23,
2020-12-24,
2020-12-25,
2020-12-26,
2020-12-27,
2020-12-28,
2020-12-29,
2020-12-30,
2020-12-31,
2021-01-01,
2021-01-02,
2021-01-03,
2021-01-04,
2021-01-05,
2021-01-06,
2021-01-07,
2021-01-08,
2021-01-09,
2021-01-10,
2021-01-11,
2021-01-12,
2021-01-13,
2021-01-14,
2021-01-15,
2021-01-16,
2021-01-17,
2021-01-18,
2021-01-19,
2021-01-20,
2021-01-21,
2021-01-22,
2021-01-23,
2021-01-24,
2021-01-25,
2021-01-26,
2021-01-27,
2021-01-28,
2021-01-29,
2021-01-30,
2021-01-31,
2021-02-01,
2021-02-02,
2021-02-03,
2021-02-04,
2021-02-05,
2021-02-06,
2021-02-07,
2021-02-08,
2021-02-09,
2021-02-10,
2021-02-11,
2021-02-12,
2021-02-13,
2021-02-14,
2021-02-15,
2021-02-16,
2021-02-17,
2021-02-18,
2021-02-19,
2021-02-20,
2021-02-21,
2021-02-22,
2021-02-23,
2021-02-24,
2021-02-25,
2021-02-26,
2021-02-27,
2021-02-28,
2021-03-01,
2021-03-02,
2021-03-03,
2021-03-04,
2021-03-05,
2021-03-06,
2021-03-07,
2021-03-08,
2021-03-09,
2021-03-10,
2021-03-11,
2021-03-12,
2021-03-13,
2021-03-14,
2021-03-15,
2021-03-16,
2021-03-17,
2021-03-18,
2021-03-19,
2021-03-20,
2021-03-21,
2021-03-22,
2021-03-23,
2021-03-24,
2021-03-25,
2021-03-26,
2021-03-27,
2021-03-28,
2021-03-29,
2021-03-30,
2021-03-31,
2021-04-01,
2021-04-02,
2021-04-03,
2021-04-04,
2021-04-05,
2021-04-06,
2021-04-07,
2021-04-08,
2021-04-09,
2021-04-10,
2021-04-11,
2021-04-12,
2021-04-13,
2021-04-14,
2021-04-15,
2021-04-16,
2021-04-17,
2021-04-18,
2021-04-19,
2021-04-20,
2021-04-21,
2021-04-22,
2021-04-23,
2021-04-24,
2021-04-25,
2021-04-26,
2021-04-27,
2021-04-28,
2021-04-29,
2021-04-30,
2021-05-01,
2021-05-02,
2021-05-03,
2021-05-04,
2021-05-05,
2021-05-06,
2021-05-07,
2021-05-08,
2021-05-09,
2021-05-10,
2021-05-11,
2021-05-12,
2021-05-13,
2021-05-14,
2021-05-15,
2021-05-16,
2021-05-17,
2021-05-18,
2021-05-19,
2021-05-20,
2021-05-21,
2021-05-22,
2021-05-23,
2021-05-24,
2021-05-25,
2021-05-26,
2021-05-27,
2021-05-28,
2021-05-29,
2021-05-30,
2021-05-31,
2021-06-01,
2021-06-02,
2021-06-03,
2021-06-04,
2021-06-05,
2021-06-06,
2021-06-07,
2021-06-08,
2021-06-09,
2021-06-10,
2021-06-11,
2021-06-12,
2021-06-13,
2021-06-14,
2021-06-15,
2021-06-16,
2021-06-17,
2021-06-18,
2021-06-19,
2021-06-20,
2021-06-21,
2021-06-22,
2021-06-23,
2021-06-24,
2021-06-25,
2021-06-26,
2021-06-27,
2021-06-28,
2021-06-29,
2021-06-30,
2021-07-01,
2021-07-02,
2021-07-03,
2021-07-04,
2021-07-05,
2021-07-06,
2021-07-07,
2021-07-08,
2021-07-09,
2021-07-10,
2021-07-11,
2021-07-12,
2021-07-13,
2021-07-14,
2021-07-15,
2021-07-16,
2021-07-17,
2021-07-18,
2021-07-19,
2021-07-20,
2021-07-21,
2021-07-22,
2021-07-23,
2021-07-24,
2021-07-25,
2021-07-26,
2021-07-27,
2021-07-28,
2021-07-29,
2021-07-30,
2021-07-31,
2021-08-01,
2021-08-02,
2021-08-03,
2021-08-04,
2021-08-05,
2021-08-06,
2021-08-07,
2021-08-08,
2021-08-09,
2021-08-10,
2021-08-11,
2021-08-12,
2021-08-13,
2021-08-14,
2021-08-15,
2021-08-16,
2021-08-17,
2021-08-18,
2021-08-19,
2021-08-20,
2021-08-21,
2021-08-22,
2021-08-23,
2021-08-24,
2021-08-25,
2021-08-26,
2021-08-27,
2021-08-28,
2021-08-29,
2021-08-30,
2021-08-31,
2021-09-01,
2021-09-02,
2021-09-03,
2021-09-04,
2021-09-05,
2021-09-06,
2021-09-07,
2021-09-08,
2021-09-09,
2021-09-10,
2021-09-11,
2021-09-12,
2021-09-13,
2021-09-14,
2021-09-15,
2021-09-16,
2021-09-17,
2021-09-18,
2021-09-19,
2021-09-20,
2021-09-21,
2021-09-22,
2021-09-23,
2021-09-24,
2021-09-25,
2021-09-26,
2021-09-27,
2021-09-28,
2021-09-29,
2021-09-30,
2021-10-01,
2021-10-02,
2021-10-03,
2021-10-04,
2021-10-05,
2021-10-06,
2021-10-07,
2021-10-08,
2021-10-09,
2021-10-10,
2021-10-11,
2021-10-12,
2021-10-13,
2021-10-14,
2021-10-15,
2021-10-16,
2021-10-17,
2021-10-18,
2021-10-19,
2021-10-20,
2021-10-21,
2021-10-22,
2021-10-23,
2021-10-24,
2021-10-25,
2021-10-26,
2021-10-27,
2021-10-28,
2021-10-29,
2021-10-30,
2021-10-31,
2021-11-01,
2021-11-02,
2021-11-03,
2021-11-04,
2021-11-05,
2021-11-06,
2021-11-07,
2021-11-08,
2021-11-09,
2021-11-10,
2021-11-11,
2021-11-12,
2021-11-13,
2021-11-14,
2021-11-15,
2021-11-16,
2021-11-17,
2021-11-18,
2021-11-19,
2021-11-20,
2021-11-21,
2021-11-22,
2021-11-23,
2021-11-24,
2021-11-25,
2021-11-26,
2021-11-27,
2021-11-28,
2021-11-29,
2021-11-30,
2021-12-01,
2021-12-02,
2021-12-03,
2021-12-04,
2021-12-05,
2021-12-06,
2021-12-07,
2021-12-08,
2021-12-09,
2021-12-10,
2021-12-11,
2021-12-12,
2021-12-13,
2021-12-14,
2021-12-15,
2021-12-16,
2021-12-17,
2021-12-18,
2021-12-19,
2021-12-20,
2021-12-21,
2021-12-22,
2021-12-23,
2021-12-24,
2021-12-25,
2021-12-26,
2021-12-27,
2021-12-28,
2021-12-29,
2021-12-30,
2021-12-31,
2022-01-01,
2022-01-02,
2022-01-03,
2022-01-04,
2022-01-05,
2022-01-06,
2022-01-07,
2022-01-08,
2022-01-09,
2022-01-10,
2022-01-11,
2022-01-12,
2022-01-13,
2022-01-14,
2022-01-15,
2022-01-16,
2022-01-17,
2022-01-18,
2022-01-19,
2022-01-20,
2022-01-21,
2022-01-22,
2022-01-23,
2022-01-24,
2022-01-25,
2022-01-26,
2022-01-27,
2022-01-28,
2022-01-29,
2022-01-30,
2022-01-31,
2022-02-01,
2022-02-02,
2022-02-03,
2022-02-04,
2022-02-05,
2022-02-06,
2022-02-07,
2022-02-08,
2022-02-09,
2022-02-10,
2022-02-11,
2022-02-12,
2022-02-13,
2022-02-14,
2022-02-15,
2022-02-16,
2022-02-17,
2022-02-18,
2022-02-19,
2022-02-20,
2022-02-21,
2022-02-22,
2022-02-23,
2022-02-24,
2022-02-25,
2022-02-26,
2022-02-27,
2022-02-28,
2022-03-01,
2022-03-02,
2022-03-03,
2022-03-04,
2022-03-05,
2022-03-06,
2022-03-07,
2022-03-08,
2022-03-09,
2022-03-10,
2022-03-11,
2022-03-12,
2022-03-13,
2022-03-14,
2022-03-15,
2022-03-16,
2022-03-17,
2022-03-18,
2022-03-19,
2022-03-20,
2022-03-21,
2022-03-22,
2022-03-23,
2022-03-24,
2022-03-25,
2022-03-26,
2022-03-27,
2022-03-28,
2022-03-29,
2022-03-30,
2022-03-31,
2022-04-01,
2022-04-02,
2022-04-03,
2022-04-04,
2022-04-05,
2022-04-06,
2022-04-07,
2022-04-08,
2022-04-09,
2022-04-10,
2022-04-11,
2022-04-12,
2022-04-13,
2022-04-14,
2022-04-15,
2022-04-16,
2022-04-17,
2022-04-18,
2022-04-19,
2022-04-20,
2022-04-21,
2022-04-22,
2022-04-23,
2022-04-24,
2022-04-25,
2022-04-26,
2022-04-27,
2022-04-28,
2022-04-29,
2022-04-30,
2022-05-01,
2022-05-02,
2022-05-03,
2022-05-04,
2022-05-05,
2022-05-06,
2022-05-07,
2022-05-08,
2022-05-09,
2022-05-10,
2022-05-11,
2022-05-12,
2022-05-13,
2022-05-14,
2022-05-15,
2022-05-16,
2022-05-17,
2022-05-18,
2022-05-19,
2022-05-20,
2022-05-21,
2022-05-22,
2022-05-23,
2022-05-24,
2022-05-25,
2022-05-26,
2022-05-27,
2022-05-28,
2022-05-29,
2022-05-30,
2022-05-31,
2022-06-01,
2022-06-02,
2022-06-03,
2022-06-04,
2022-06-05,
2022-06-06,
2022-06-07,
2022-06-08,
2022-06-09,
2022-06-10,
2022-06-11,
2022-06-12,
2022-06-13,
2022-06-14,
2022-06-15,
2022-06-16,
2022-06-17,
2022-06-18,
2022-06-19,
2022-06-20,
2022-06-21,
2022-06-22,
2022-06-23,
2022-06-24,
2022-06-25,
2022-06-26,
2022-06-27,
2022-06-28,
2022-06-29,
2022-06-30,
2022-07-01,
2022-07-02,
2022-07-03,
2022-07-04,
2022-07-05,
2022-07-06,
2022-07-07,
2022-07-08,
2022-07-09,
2022-07-10,
2022-07-11,
2022-07-12,
2022-07-13,
2022-07-14,
2022-07-15,
2022-07-16,
2022-07-17,
2022-07-18,
2022-07-19,
2022-07-20,
2022-07-21,
2022-07-22,
2022-07-23,
2022-07-24,
2022-07-25,
2022-07-26,
2022-07-27,
2022-07-28,
2022-07-29,
2022-07-30,
2022-07-31,
2022-08-01,
2022-08-02,
2022-08-03,
2022-08-04,
2022-08-05,
2022-08-06,
2022-08-07,
2022-08-08,
2022-08-09,
2022-08-10,
2022-08-11,
2022-08-12,
2022-08-13,
2022-08-14,
2022-08-15,
2022-08-16,
2022-08-17,
2022-08-18,
2022-08-19,
2022-08-20,
2022-08-21,
2022-08-22,
2022-08-23,
2022-08-24,
2022-08-25,
2022-08-26,
2022-08-27,
2022-08-28,
2022-08-29,
2022-08-30,
2022-08-31,
2022-09-01,
2022-09-02,
2022-09-03,
2022-09-04,
2022-09-05,
2022-09-06,
2022-09-07,
2022-09-08,
2022-09-09,
2022-09-10,
2022-09-11,
2022-09-12,
2022-09-13,
2022-09-14,
2022-09-15,
2022-09-16,
2022-09-17,
2022-09-18,
2022-09-19,
2022-09-20,
2022-09-21,
2022-09-22,
2022-09-23,
2022-09-24,
2022-09-25,
2022-09-26,
2022-09-27,
2022-09-28,
2022-09-29,
2022-09-30,
2022-10-01,
2022-10-02,
2022-10-03,
2022-10-04,
2022-10-05,
2022-10-06,
2022-10-07,
2022-10-08,
2022-10-09,
2022-10-10,
2022-10-11,
2022-10-12,
2022-10-13,
2022-10-14,
2022-10-15,
2022-10-16,
2022-10-17,
2022-10-18,
2022-10-19,
2022-10-20,
2022-10-21,
2022-10-22,
2022-10-23,
2022-10-24,
2022-10-25,
2022-10-26,
2022-10-27,
2022-10-28,
2022-10-29,
2022-10-30,
2022-10-31,
2022-11-01,
2022-11-02,
2022-11-03,
2022-11-04,
2022-11-05,
2022-11-06,
2022-11-07,
2022-11-08,
2022-11-09,
2022-11-10,
2022-11-11,
2022-11-12,
2022-11-13,
2022-11-14,
2022-11-15,
2022-11-16,
2022-11-17,
2022-11-18,
2022-11-19,
2022-11-20,
2022-11-21,
2022-11-22,
2022-11-23,
2022-11-24,
2022-11-25,
2022-11-26,
2022-11-27,
2022-11-28,
2022-11-29,
2022-11-30,
2022-12-01,
2022-12-02,
2022-12-03,
2022-12-04,
2022-12-05,
2022-12-06,
2022-12-07,
2022-12-08,
2022-12-09,
2022-12-10,
2022-12-11,
2022-12-12,
2022-12-13,
2022-12-14,
2022-12-15,
2022-12-16,
2022-12-17,
2022-12-18,
2022-12-19,
2022-12-20,
2022-12-21,
2022-12-22,
2022-12-23,
2022-12-24,
2022-12-25,
2022-12-26,
2022-12-27,
2022-12-28,
2022-12-29,
2022-12-30,
2022-12-31,
